Workbook

Sheet Hesaplama
B1: TOPLAM DEĞER KAYBI | H1: =IF(AND($C$3="F",((2.5*(C7*F9*(1+(J5+J7+J9+J11))*J3))<=0.3)),IF(AND(Tablolar!U5>0,Tablolar!U5<=500),Tablolar!U4+500,IF(Tablolar!U5<>0,Tablolar!U4+1000,0)),IF(AND($C$3="F",((2.5*(C7*F9*(1+(J5+J7+J9+J11))*J3))>0.3)),IF(AND(Tablolar!W5>0,Tablolar!W5<=500),Tablolar!W4+500,IF(Tablolar!W5<>0,Tablolar!W4+1000,0)),IF(AND($B$3="OTOBÜS",((0.5*(C7*F9*(1+(J5+J7+J9+J11))*J3))<=0.3)),IF(AND(Tablolar!U9>0,Tablolar!U9<=500),Tablolar!U8+500,IF(Tablolar!U9<>0,Tablolar!U8+1000,0)),IF(AND($B$3="OTOBÜS",((0.5*(C7*F9*(1+(J5+J7+J9+J11))*J3))>0.3)),IF(AND(Tablolar!W5>0,Tablolar!W5<=500),Tablolar!W4+500,IF(Tablolar!W5<>0,Tablolar!W4+1000,0)),IF((C7*F9*(1+(J5+J7+J9+J11))*J3)<=0.3,IF(AND(Tablolar!U13>0,Tablolar!U13<=500),Tablolar!U12+500,IF(Tablolar!U13<>0,Tablolar!U12+1000,0)),IF(AND(Tablolar!W5>0,Tablolar!W5<=500),Tablolar!W4+500,IF(Tablolar!W5<>0,Tablolar!W4+1000,0))))))) -> 0
B3: ARAÇ GRUBU | C3: =IF(B3="ARAÇ GRUBU",0,VLOOKUP(B3,Tablolar!B3:C16,2,FALSE)) -> 0 | E3: HASAR MİKTARI | F3: 0 | H3: HASAR KATSAYISI | J3: =IF($F$3=0,0,(((C64+H64+K64)+(((F3/C5)*100)*0.1))/100)) -> 0
B5: RAYİÇ BEDEL | C5: 0 | E5: TİCARİ YA DA KIRALIK MI? | F5: HAYIR | H5: G1-TİCARİ YA DA KİRALIK PARAMETRESİ | J5: =IF($F$5="EVET",-0.05,0) -> 0
B7: RAYİÇ BEDEL KATSAYISI | C7: =IF($C$5=0,0,VLOOKUP(Tablolar!$B$27,Tablolar!$B$19:$C$26,2,FALSE)) -> 0 | E7: SBM GEÇMİŞ HASAR ADEDİ | F7: 0 | H7: G2-SBM GEÇMİŞ HASAR KATSAYISI | J7: =IF($F$7= 0,0,IF($F$7<=5,$F$7*-0.03,-0.15)) -> 0
B9: =IF($C$3="D",Tablolar!E19,Tablolar!E12) -> KİLOMETRE | C9: 0 | E9: =IF($C$3="D","ÇALIŞMA ZAMANI KATSAYISI","KİLOMETRE KATSAYISI") -> KİLOMETRE KATSAYISI | F9: =(IF($C$9=0,1,VLOOKUP(C3,Tablolar!$E$13:$R$20, IF(AND(C3="D", $C$9<=500),2, IF(AND(C3="D", $C$9>=501, $C$9<=1000),3, IF(AND(C3="D", $C$9>=1001, $C$9<=2000),4, IF(AND(C3="D", $C$9>=2001, $C$9<=3000),5, IF(AND(C3="D", $C$9>=3001, $C$9<=4000),6, IF(AND(C3="D", $C$9>=4001, $C$9<=5000),7, IF(AND(OR(C3="A",C3="F"), $C$9<=19999),2, IF(AND(OR(C3="A",C3="F"), $C$9>=20000, $C$9<=49999),3, IF(AND(OR(C3="A",C3="F"), $C$9>=50000, $C$9<=99999),4, IF(AND(OR(C3="A",C3="F"), $C$9>=100000, $C$9<=149999),5, IF(AND(OR(C3="B",C3="C", C3="Ç",C3="E"), $C$9<=49999),2, IF(AND(OR(C3="B",C3="C", C3="Ç", C3="E"), $C$9>=50000, $C$9<=149999),5, IF(AND(OR(C3="A",C3="F"), $C$9>=150000, $C$9<=199999),6, IF(AND(OR(C3="B",C3="C", C3="Ç", C3="E"), $C$9>=150000, $C$9<=299999),6, IF(AND(OR(C3="A",C3="F"), $C$9>=200000, $C$9<=299999),7, IF(AND(OR(C3="A",C3="F", C3="B",C3="C", C3="Ç", C3="E"), $C$9>=300000, $C$9<=499999),8, IF(AND(OR(C3="A",C3="F"), $C$9>=500000),9, IF(AND(OR( C3="B",C3="C", C3="Ç", C3="E"), $C$9>=500000, $C$9<=749999),9, IF(AND(OR( C3="B",C3="C", C3="Ç", C3="E"), $C$9>=750000, $C$9<=999999),10, IF(AND(OR( C3="B",C3="C", C3="Ç", C3="E"), $C$9>=1000000),11,1)))))))))))))))))))), FALSE))) -> 1 | H9: G3-KİLOMETRE ALT SINIRA YAKINLIK KATSAYISI | J9: =IF(AND(OR(C3="A",C3="F", C3="C",C3="B", C3="Ç",C3="E"),($C$9<=1000)),0.05,IF(AND(OR(C3="A",C3="F"),(AND($C$9>=20000,$C$9<=21000))),0.05,IF(AND(OR(C3="A",C3="F", C3="C",C3="B", C3="Ç",C3="E"),(AND($C$9>=50000,$C$9<=51000))),0.05,IF(AND(OR(C3="A",C3="F"),(AND($C$9>=100000,$C$9<=101000))),0.05,IF(AND(OR(C3="A",C3="F", C3="C",C3="B", C3="Ç",C3="E"),(AND($C$9>=150000,$C$9<=151000))),0.05,IF(AND(OR(C3="A",C3="F"),(AND($C$9>=200000,$C$9<=201000))),0.05,IF(AND(OR(C3="A",C3="F", C3="C",C3="B", C3="Ç",C3="E"),(AND($C$9>=300000,$C$9<=301000))),0.05, IF(AND(OR( C3="C",C3="B", C3="Ç",C3="E"),(AND($C$9>=500000,$C$9<=501000))),0.05, IF(AND(OR( C3="C",C3="B", C3="Ç",C3="E"),(AND($C$9>=750000,$C$9<=751000))),0.05, IF(AND(OR( C3="C",C3="B", C3="Ç",C3="E"),(AND($C$9>=1000000,$C$9<=1001000))),0.05,0)))))))))) -> 0
B11: MODEL YILI | C11: 0 | E11: HASAR TARİHİ (Örn: 01.01.1990) | F11: =TODAY() -> 46204
A13: HATIRLATMA : Onarılan parçanın, parça fiyatı ve işçilik bedeli iskontosuz KDV hariç olacaktır
A15: SEÇ | B15: DEĞİŞMESİ GEREKEN PARÇALAR | C15: KATSAYI | D15: SEÇ | E15: ONARILAN PARÇALAR | F15: YENİ FİYAT | G15: İŞÇİLİK | H15: KATSAYI | I15: BOYANACAK PARÇALAR | J15: SEÇ | K15: KATSAYI
B16: =(IF($C$3=0,"",IF($C$3="A",Tablolar!B34,IF($C$3="B",Tablolar!B70, IF(OR($C$3="C",$C$3="Ç"),Tablolar!B119, IF($C$3="D",Tablolar!B155, IF($C$3="E",Tablolar!B192, IF($C$3="F",Tablolar!B228,0)))))))) | C16: =(IF($C$3=0,0,VLOOKUP(B16,IF($C$3="A",Tablolar!$B$34:$C$66,IF($C$3="B",Tablolar!$B$70:$C$113, IF(OR($C$3="C",$C$3="Ç"),Tablolar!$B$119:$C$150, IF($C$3="D",Tablolar!$B$155:$C$186, IF($C$3="E",Tablolar!$B$192:$C$223, IF($C$3="F",Tablolar!$B$228:$C$259,Tablolar!$B$264:$C$295)))))),2,FALSE)))*IF(Tablolar!A34=TRUE,1,0) -> 0 | E16: =(IF($C$3=0,"",IF($C$3="A",Tablolar!B34,IF($C$3="B",Tablolar!B70, IF(OR($C$3="C",$C$3="Ç"),Tablolar!B119, IF($C$3="D",Tablolar!B155, IF($C$3="E",Tablolar!B192, IF($C$3="F",Tablolar!B228,0)))))))) | H16: =IF(AND(Tablolar!D34=TRUE,F16=0),IF(Tablolar!D34=TRUE,VLOOKUP(E16,IF($C$3="A",Tablolar!$E$34:$H$66,IF($C$3="B",Tablolar!$E$70:$H$113,IF(OR($C$3="C",$C$3="Ç"),Tablolar!$E$119:$H$150,IF($C$3="D",Tablolar!$E$155:$H$186,IF($C$3="E",Tablolar!$E$192:$H$223,IF($C$3="F",Tablolar!$E$228:$H$259,Tablolar!$E$266:$H$295)))))),4,FALSE),0),(IF(OR($C$3=0,F16=0),0,VLOOKUP(E16,IF($C$3="A",Tablolar!$E$34:$H$66,IF($C$3="B",Tablolar!$E$70:$H$113,IF(OR($C$3="C",$C$3="Ç"),Tablolar!$E$119:$H$150,IF($C$3="D",Tablolar!$E$155:$H$186,IF($C$3="E",Tablolar!$E$192:$H$223,IF($C$3="F",Tablolar!$E$228:$H$259,Tablolar!$E$264:$H$295)))))),IF(G16/F16<0.15,2,IF(AND(G16/F16>=0.15,G16/F16<0.3),3,IF(G16/F16>=0.3,4,0))),FALSE)))) -> 0 | I16: =(IF($C$3=0,"",IF($C$3="A",Tablolar!B34,IF($C$3="B",Tablolar!B70, IF(OR($C$3="C",$C$3="Ç"),Tablolar!B119, IF($C$3="D",Tablolar!B155, IF($C$3="E",Tablolar!B192, IF($C$3="F",Tablolar!B228,0)))))))) | K16: =IF(J16="TAM", IF($C$3="A",Tablolar!K34, IF($C$3="B",Tablolar!K70, IF(OR($C$3="C",$C$3="Ç"),Tablolar!K119, IF($C$3="D",Tablolar!K155, IF($C$3="E",Tablolar!K192, IF($C$3="F",Tablolar!K228, Tablolar!K160)))))), IF(J16="LOKAL", IF($C$3="A",Tablolar!L34, IF($C$3="B",Tablolar!L70, IF(OR($C$3="C",$C$3="Ç"),Tablolar!L119, IF($C$3="D",Tablolar!L155, IF($C$3="E",Tablolar!L192, IF($C$3="F",Tablolar!L228, Tablolar!L264)))))),0)) -> 0
B17: =(IF($C$3=0,"",IF($C$3="A",Tablolar!B35,IF($C$3="B",Tablolar!B71, IF(OR($C$3="C",$C$3="Ç"),Tablolar!B120, IF($C$3="D",Tablolar!B156, IF($C$3="E",Tablolar!B193, IF($C$3="F",Tablolar!B229,0)))))))) | C17: =(IF($C$3=0,0,VLOOKUP(B17,IF($C$3="A",Tablolar!$B$34:$C$66,IF($C$3="B",Tablolar!$B$70:$C$113, IF(OR($C$3="C",$C$3="Ç"),Tablolar!$B$119:$C$150, IF($C$3="D",Tablolar!$B$155:$C$186, IF($C$3="E",Tablolar!$B$192:$C$223, IF($C$3="F",Tablolar!$B$228:$C$259,Tablolar!$B$264:$C$295)))))),2,FALSE)))*IF(Tablolar!A35=TRUE,1,0) -> 0 | E17: =(IF($C$3=0,"",IF($C$3="A",Tablolar!B35,IF($C$3="B",Tablolar!B71, IF(OR($C$3="C",$C$3="Ç"),Tablolar!B120, IF($C$3="D",Tablolar!B156, IF($C$3="E",Tablolar!B193, IF($C$3="F",Tablolar!B229,0)))))))) | H17: =IF(AND(Tablolar!D35=TRUE,F17=0),IF(Tablolar!D35=TRUE,VLOOKUP(E17,IF($C$3="A",Tablolar!$E$34:$H$66,IF($C$3="B",Tablolar!$E$70:$H$113,IF(OR($C$3="C",$C$3="Ç"),Tablolar!$E$119:$H$150,IF($C$3="D",Tablolar!$E$155:$H$186,IF($C$3="E",Tablolar!$E$192:$H$223,IF($C$3="F",Tablolar!$E$228:$H$259,Tablolar!$E$266:$H$295)))))),4,FALSE),0),(IF(OR($C$3=0,F17=0),0,VLOOKUP(E17,IF($C$3="A",Tablolar!$E$34:$H$66,IF($C$3="B",Tablolar!$E$70:$H$113,IF(OR($C$3="C",$C$3="Ç"),Tablolar!$E$119:$H$150,IF($C$3="D",Tablolar!$E$155:$H$186,IF($C$3="E",Tablolar!$E$192:$H$223,IF($C$3="F",Tablolar!$E$228:$H$259,Tablolar!$E$264:$H$295)))))),IF(G17/F17<0.15,2,IF(AND(G17/F17>=0.15,G17/F17<0.3),3,IF(G17/F17>=0.3,4,0))),FALSE)))) -> 0 | I17: =(IF($C$3=0,"",IF($C$3="A",Tablolar!B35,IF($C$3="B",Tablolar!B71, IF(OR($C$3="C",$C$3="Ç"),Tablolar!B120, IF($C$3="D",Tablolar!B156, IF($C$3="E",Tablolar!B193, IF($C$3="F",Tablolar!B229,0)))))))) | K17: =IF(J17="TAM", IF($C$3="A",Tablolar!K35, IF($C$3="B",Tablolar!K71, IF(OR($C$3="C",$C$3="Ç"),Tablolar!K120, IF($C$3="D",Tablolar!K156, IF($C$3="E",Tablolar!K193, IF($C$3="F",Tablolar!K229, Tablolar!K161)))))), IF(J17="LOKAL", IF($C$3="A",Tablolar!L35, IF($C$3="B",Tablolar!L71, IF(OR($C$3="C",$C$3="Ç"),Tablolar!L120, IF($C$3="D",Tablolar!L156, IF($C$3="E",Tablolar!L193, IF($C$3="F",Tablolar!L229, Tablolar!L265)))))),0)) -> 0
B18: =(IF($C$3=0,"",IF($C$3="A",Tablolar!B36,IF($C$3="B",Tablolar!B72, IF(OR($C$3="C",$C$3="Ç"),Tablolar!B121, IF($C$3="D",Tablolar!B157, IF($C$3="E",Tablolar!B194, IF($C$3="F",Tablolar!B230,0)))))))) | C18: =(IF($C$3=0,0,VLOOKUP(B18,IF($C$3="A",Tablolar!$B$34:$C$66,IF($C$3="B",Tablolar!$B$70:$C$113, IF(OR($C$3="C",$C$3="Ç"),Tablolar!$B$119:$C$150, IF($C$3="D",Tablolar!$B$155:$C$186, IF($C$3="E",Tablolar!$B$192:$C$223, IF($C$3="F",Tablolar!$B$228:$C$259,Tablolar!$B$264:$C$295)))))),2,FALSE)))*IF(Tablolar!A36=TRUE,1,0) -> 0 | E18: =(IF($C$3=0,"",IF($C$3="A",Tablolar!B36,IF($C$3="B",Tablolar!B72, IF(OR($C$3="C",$C$3="Ç"),Tablolar!B121, IF($C$3="D",Tablolar!B157, IF($C$3="E",Tablolar!B194, IF($C$3="F",Tablolar!B230,0)))))))) | H18: =IF(AND(Tablolar!D36=TRUE,F18=0),IF(Tablolar!D36=TRUE,VLOOKUP(E18,IF($C$3="A",Tablolar!$E$34:$H$66,IF($C$3="B",Tablolar!$E$70:$H$113,IF(OR($C$3="C",$C$3="Ç"),Tablolar!$E$119:$H$150,IF($C$3="D",Tablolar!$E$155:$H$186,IF($C$3="E",Tablolar!$E$192:$H$223,IF($C$3="F",Tablolar!$E$228:$H$259,Tablolar!$E$264:$H$295)))))),4,FALSE),0),(IF(OR($C$3=0,F18=0),0,VLOOKUP(E18,IF($C$3="A",Tablolar!$E$34:$H$66,IF($C$3="B",Tablolar!$E$70:$H$113,IF(OR($C$3="C",$C$3="Ç"),Tablolar!$E$119:$H$150,IF($C$3="D",Tablolar!$E$155:$H$186,IF($C$3="E",Tablolar!$E$192:$H$223,IF($C$3="F",Tablolar!$E$228:$H$259,Tablolar!$E$264:$H$295)))))),IF(G18/F18<0.15,2,IF(AND(G18/F18>=0.15,G18/F18<0.3),3,IF(G18/F18>=0.3,4,0))),FALSE)))) -> 0 | I18: =(IF($C$3=0,"",IF($C$3="A",Tablolar!B36,IF($C$3="B",Tablolar!B72, IF(OR($C$3="C",$C$3="Ç"),Tablolar!B121, IF($C$3="D",Tablolar!B157, IF($C$3="E",Tablolar!B194, IF($C$3="F",Tablolar!B230,0)))))))) | K18: =IF(J18="TAM", IF($C$3="A",Tablolar!K36, IF($C$3="B",Tablolar!K72, IF(OR($C$3="C",$C$3="Ç"),Tablolar!K121, IF($C$3="D",Tablolar!K157, IF($C$3="E",Tablolar!K194, IF($C$3="F",Tablolar!K230, Tablolar!K162)))))), IF(J18="LOKAL", IF($C$3="A",Tablolar!L36, IF($C$3="B",Tablolar!L72, IF(OR($C$3="C",$C$3="Ç"),Tablolar!L121, IF($C$3="D",Tablolar!L157, IF($C$3="E",Tablolar!L194, IF($C$3="F",Tablolar!L230, Tablolar!L266)))))),0)) -> 0 | M18: =IF(C3=”B”, Tablolar!$E$70:$H$113,Tablolar!$E$119:$H$150) -> #NAME?
B19: =(IF($C$3=0,"",IF($C$3="A",Tablolar!B37,IF($C$3="B",Tablolar!B73, IF(OR($C$3="C",$C$3="Ç"),Tablolar!B122, IF($C$3="D",Tablolar!B158, IF($C$3="E",Tablolar!B195, IF($C$3="F",Tablolar!B231,0)))))))) | C19: =(IF($C$3=0,0,VLOOKUP(B19,IF($C$3="A",Tablolar!$B$34:$C$66,IF($C$3="B",Tablolar!$B$70:$C$113, IF(OR($C$3="C",$C$3="Ç"),Tablolar!$B$119:$C$150, IF($C$3="D",Tablolar!$B$155:$C$186, IF($C$3="E",Tablolar!$B$192:$C$223, IF($C$3="F",Tablolar!$B$228:$C$259,Tablolar!$B$264:$C$295)))))),2,FALSE)))*IF(Tablolar!A37=TRUE,1,0) -> 0 | E19: =(IF($C$3=0,"",IF($C$3="A",Tablolar!B37,IF($C$3="B",Tablolar!B73, IF(OR($C$3="C",$C$3="Ç"),Tablolar!B122, IF($C$3="D",Tablolar!B158, IF($C$3="E",Tablolar!B195, IF($C$3="F",Tablolar!B231,0)))))))) | H19: =IF(AND(Tablolar!D37=TRUE,F19=0),IF(Tablolar!D37=TRUE,VLOOKUP(E19,IF($C$3="A",Tablolar!$E$34:$H$66,IF($C$3="B",Tablolar!$E$70:$H$113,IF(OR($C$3="C",$C$3="Ç"),Tablolar!$E$119:$H$150,IF($C$3="D",Tablolar!$E$155:$H$186,IF($C$3="E",Tablolar!$E$192:$H$223,IF($C$3="F",Tablolar!$E$228:$H$259,Tablolar!$E$264:$H$295)))))),4,FALSE),0),(IF(OR($C$3=0,F19=0),0,VLOOKUP(E19,IF($C$3="A",Tablolar!$E$34:$H$66,IF($C$3="B",Tablolar!$E$70:$H$113,IF(OR($C$3="C",$C$3="Ç"),Tablolar!$E$119:$H$150,IF($C$3="D",Tablolar!$E$155:$H$186,IF($C$3="E",Tablolar!$E$192:$H$223,IF($C$3="F",Tablolar!$E$228:$H$259,Tablolar!$E$264:$H$295)))))),IF(G19/F19<0.15,2,IF(AND(G19/F19>=0.15,G19/F19<0.3),3,IF(G19/F19>=0.3,4,0))),FALSE)))) -> 0 | I19: =(IF($C$3=0,"",IF($C$3="A",Tablolar!B37,IF($C$3="B",Tablolar!B73, IF(OR($C$3="C",$C$3="Ç"),Tablolar!B122, IF($C$3="D",Tablolar!B158, IF($C$3="E",Tablolar!B195, IF($C$3="F",Tablolar!B231,0)))))))) | K19: =IF(J19="TAM", IF($C$3="A",Tablolar!K37, IF($C$3="B",Tablolar!K73, IF(OR($C$3="C",$C$3="Ç"),Tablolar!K122, IF($C$3="D",Tablolar!K158, IF($C$3="E",Tablolar!K195, IF($C$3="F",Tablolar!K231, Tablolar!K163)))))), IF(J19="LOKAL", IF($C$3="A",Tablolar!L37, IF($C$3="B",Tablolar!L73, IF(OR($C$3="C",$C$3="Ç"),Tablolar!L122, IF($C$3="D",Tablolar!L158, IF($C$3="E",Tablolar!L195, IF($C$3="F",Tablolar!L231, Tablolar!L267)))))),0)) -> 0 | M19: =IF(F16/$F$3<0.15,2,IF(AND(F16/$F$3>=0.15,F16/$F$3<0.3),3,IF(F16/$F$3>=0.3,4,0))) -> #DIV/0!
B20: =(IF($C$3=0,"",IF($C$3="A",Tablolar!B38,IF($C$3="B",Tablolar!B74, IF(OR($C$3="C",$C$3="Ç"),Tablolar!B123, IF($C$3="D",Tablolar!B159, IF($C$3="E",Tablolar!B196, IF($C$3="F",Tablolar!B232,0)))))))) | C20: =(IF($C$3=0,0,VLOOKUP(B20,IF($C$3="A",Tablolar!$B$34:$C$66,IF($C$3="B",Tablolar!$B$70:$C$113, IF(OR($C$3="C",$C$3="Ç"),Tablolar!$B$119:$C$150, IF($C$3="D",Tablolar!$B$155:$C$186, IF($C$3="E",Tablolar!$B$192:$C$223, IF($C$3="F",Tablolar!$B$228:$C$259,Tablolar!$B$264:$C$295)))))),2,FALSE)))*IF(Tablolar!A38=TRUE,1,0) -> 0 | E20: =(IF($C$3=0,"",IF($C$3="A",Tablolar!B38,IF($C$3="B",Tablolar!B74, IF(OR($C$3="C",$C$3="Ç"),Tablolar!B123, IF($C$3="D",Tablolar!B159, IF($C$3="E",Tablolar!B196, IF($C$3="F",Tablolar!B232,0)))))))) | H20: =IF(AND(Tablolar!D38=TRUE,F20=0),IF(Tablolar!D38=TRUE,VLOOKUP(E20,IF($C$3="A",Tablolar!$E$34:$H$66,IF($C$3="B",Tablolar!$E$70:$H$113,IF(OR($C$3="C",$C$3="Ç"),Tablolar!$E$119:$H$150,IF($C$3="D",Tablolar!$E$155:$H$186,IF($C$3="E",Tablolar!$E$192:$H$223,IF($C$3="F",Tablolar!$E$228:$H$259,Tablolar!$E$264:$H$295)))))),4,FALSE),0),(IF(OR($C$3=0,F20=0),0,VLOOKUP(E20,IF($C$3="A",Tablolar!$E$34:$H$66,IF($C$3="B",Tablolar!$E$70:$H$113,IF(OR($C$3="C",$C$3="Ç"),Tablolar!$E$119:$H$150,IF($C$3="D",Tablolar!$E$155:$H$186,IF($C$3="E",Tablolar!$E$192:$H$223,IF($C$3="F",Tablolar!$E$228:$H$259,Tablolar!$E$264:$H$295)))))),IF(G20/F20<0.15,2,IF(AND(G20/F20>=0.15,G20/F20<0.3),3,IF(G20/F20>=0.3,4,0))),FALSE)))) -> 0 | I20: =(IF($C$3=0,"",IF($C$3="A",Tablolar!B38,IF($C$3="B",Tablolar!B74, IF(OR($C$3="C",$C$3="Ç"),Tablolar!B123, IF($C$3="D",Tablolar!B159, IF($C$3="E",Tablolar!B196, IF($C$3="F",Tablolar!B232,0)))))))) | K20: =IF(J20="TAM", IF($C$3="A",Tablolar!K38, IF($C$3="B",Tablolar!K74, IF(OR($C$3="C",$C$3="Ç"),Tablolar!K123, IF($C$3="D",Tablolar!K159, IF($C$3="E",Tablolar!K196, IF($C$3="F",Tablolar!K232, Tablolar!K164)))))), IF(J20="LOKAL", IF($C$3="A",Tablolar!L38, IF($C$3="B",Tablolar!L74, IF(OR($C$3="C",$C$3="Ç"),Tablolar!L123, IF($C$3="D",Tablolar!L159, IF($C$3="E",Tablolar!L196, IF($C$3="F",Tablolar!L232, Tablolar!L268)))))),0)) -> 0
B21: =(IF($C$3=0,"",IF($C$3="A",Tablolar!B39,IF($C$3="B",Tablolar!B75, IF(OR($C$3="C",$C$3="Ç"),Tablolar!B124, IF($C$3="D",Tablolar!B160, IF($C$3="E",Tablolar!B197, IF($C$3="F",Tablolar!B233,0)))))))) | C21: =(IF($C$3=0,0,VLOOKUP(B21,IF($C$3="A",Tablolar!$B$34:$C$66,IF($C$3="B",Tablolar!$B$70:$C$113, IF(OR($C$3="C",$C$3="Ç"),Tablolar!$B$119:$C$150, IF($C$3="D",Tablolar!$B$155:$C$186, IF($C$3="E",Tablolar!$B$192:$C$223, IF($C$3="F",Tablolar!$B$228:$C$259,Tablolar!$B$264:$C$295)))))),2,FALSE)))*IF(Tablolar!A39=TRUE,1,0) -> 0 | E21: =(IF($C$3=0,"",IF($C$3="A",Tablolar!B39,IF($C$3="B",Tablolar!B75, IF(OR($C$3="C",$C$3="Ç"),Tablolar!B124, IF($C$3="D",Tablolar!B160, IF($C$3="E",Tablolar!B197, IF($C$3="F",Tablolar!B233,0)))))))) | H21: =IF(AND(Tablolar!D39=TRUE,F21=0),IF(Tablolar!D39=TRUE,VLOOKUP(E21,IF($C$3="A",Tablolar!$E$34:$H$66,IF($C$3="B",Tablolar!$E$70:$H$113,IF(OR($C$3="C",$C$3="Ç"),Tablolar!$E$119:$H$150,IF($C$3="D",Tablolar!$E$155:$H$186,IF($C$3="E",Tablolar!$E$192:$H$223,IF($C$3="F",Tablolar!$E$228:$H$259,Tablolar!$E$264:$H$295)))))),4,FALSE),0),(IF(OR($C$3=0,F21=0),0,VLOOKUP(E21,IF($C$3="A",Tablolar!$E$34:$H$66,IF($C$3="B",Tablolar!$E$70:$H$113,IF(OR($C$3="C",$C$3="Ç"),Tablolar!$E$119:$H$150,IF($C$3="D",Tablolar!$E$155:$H$186,IF($C$3="E",Tablolar!$E$192:$H$223,IF($C$3="F",Tablolar!$E$228:$H$259,Tablolar!$E$264:$H$295)))))),IF(G21/F21<0.15,2,IF(AND(G21/F21>=0.15,G21/F21<0.3),3,IF(G21/F21>=0.3,4,0))),FALSE)))) -> 0 | I21: =(IF($C$3=0,"",IF($C$3="A",Tablolar!B39,IF($C$3="B",Tablolar!B75, IF(OR($C$3="C",$C$3="Ç"),Tablolar!B124, IF($C$3="D",Tablolar!B160, IF($C$3="E",Tablolar!B197, IF($C$3="F",Tablolar!B233,0)))))))) | K21: =IF(J21="TAM", IF($C$3="A",Tablolar!K39, IF($C$3="B",Tablolar!K75, IF(OR($C$3="C",$C$3="Ç"),Tablolar!K124, IF($C$3="D",Tablolar!K160, IF($C$3="E",Tablolar!K197, IF($C$3="F",Tablolar!K233, Tablolar!K165)))))), IF(J21="LOKAL", IF($C$3="A",Tablolar!L39, IF($C$3="B",Tablolar!L75, IF(OR($C$3="C",$C$3="Ç"),Tablolar!L124, IF($C$3="D",Tablolar!L160, IF($C$3="E",Tablolar!L197, IF($C$3="F",Tablolar!L233, Tablolar!L269)))))),0)) -> 0
B22: =(IF($C$3=0,"",IF($C$3="A",Tablolar!B40,IF($C$3="B",Tablolar!B76, IF(OR($C$3="C",$C$3="Ç"),Tablolar!B125, IF($C$3="D",Tablolar!B161, IF($C$3="E",Tablolar!B198, IF($C$3="F",Tablolar!B234,0)))))))) | C22: =(IF($C$3=0,0,VLOOKUP(B22,IF($C$3="A",Tablolar!$B$34:$C$66,IF($C$3="B",Tablolar!$B$70:$C$113, IF(OR($C$3="C",$C$3="Ç"),Tablolar!$B$119:$C$150, IF($C$3="D",Tablolar!$B$155:$C$186, IF($C$3="E",Tablolar!$B$192:$C$223, IF($C$3="F",Tablolar!$B$228:$C$259,Tablolar!$B$264:$C$295)))))),2,FALSE)))*IF(Tablolar!A40=TRUE,1,0) -> 0 | E22: =(IF($C$3=0,"",IF($C$3="A",Tablolar!B40,IF($C$3="B",Tablolar!B76, IF(OR($C$3="C",$C$3="Ç"),Tablolar!B125, IF($C$3="D",Tablolar!B161, IF($C$3="E",Tablolar!B198, IF($C$3="F",Tablolar!B234,0)))))))) | H22: =IF(AND(Tablolar!D40=TRUE,F22=0),IF(Tablolar!D40=TRUE,VLOOKUP(E22,IF($C$3="A",Tablolar!$E$34:$H$66,IF($C$3="B",Tablolar!$E$70:$H$113,IF(OR($C$3="C",$C$3="Ç"),Tablolar!$E$119:$H$150,IF($C$3="D",Tablolar!$E$155:$H$186,IF($C$3="E",Tablolar!$E$192:$H$223,IF($C$3="F",Tablolar!$E$228:$H$259,Tablolar!$E$264:$H$295)))))),4,FALSE),0),(IF(OR($C$3=0,F22=0),0,VLOOKUP(E22,IF($C$3="A",Tablolar!$E$34:$H$66,IF($C$3="B",Tablolar!$E$70:$H$113,IF(OR($C$3="C",$C$3="Ç"),Tablolar!$E$119:$H$150,IF($C$3="D",Tablolar!$E$155:$H$186,IF($C$3="E",Tablolar!$E$192:$H$223,IF($C$3="F",Tablolar!$E$228:$H$259,Tablolar!$E$264:$H$295)))))),IF(G22/F22<0.15,2,IF(AND(G22/F22>=0.15,G22/F22<0.3),3,IF(G22/F22>=0.3,4,0))),FALSE)))) -> 0 | I22: =(IF($C$3=0,"",IF($C$3="A",Tablolar!B40,IF($C$3="B",Tablolar!B76, IF(OR($C$3="C",$C$3="Ç"),Tablolar!B125, IF($C$3="D",Tablolar!B161, IF($C$3="E",Tablolar!B198, IF($C$3="F",Tablolar!B234,0)))))))) | K22: =IF(J22="TAM", IF($C$3="A",Tablolar!K40, IF($C$3="B",Tablolar!K76, IF(OR($C$3="C",$C$3="Ç"),Tablolar!K125, IF($C$3="D",Tablolar!K161, IF($C$3="E",Tablolar!K198, IF($C$3="F",Tablolar!K234, Tablolar!K166)))))), IF(J22="LOKAL", IF($C$3="A",Tablolar!L40, IF($C$3="B",Tablolar!L76, IF(OR($C$3="C",$C$3="Ç"),Tablolar!L125, IF($C$3="D",Tablolar!L161, IF($C$3="E",Tablolar!L198, IF($C$3="F",Tablolar!L234, Tablolar!L270)))))),0)) -> 0
B23: =(IF($C$3=0,"",IF($C$3="A",Tablolar!B41,IF($C$3="B",Tablolar!B77, IF(OR($C$3="C",$C$3="Ç"),Tablolar!B126, IF($C$3="D",Tablolar!B162, IF($C$3="E",Tablolar!B199, IF($C$3="F",Tablolar!B235,0)))))))) | C23: =(IF($C$3=0,0,VLOOKUP(B23,IF($C$3="A",Tablolar!$B$34:$C$66,IF($C$3="B",Tablolar!$B$70:$C$113, IF(OR($C$3="C",$C$3="Ç"),Tablolar!$B$119:$C$150, IF($C$3="D",Tablolar!$B$155:$C$186, IF($C$3="E",Tablolar!$B$192:$C$223, IF($C$3="F",Tablolar!$B$228:$C$259,Tablolar!$B$264:$C$295)))))),2,FALSE)))*IF(Tablolar!A41=TRUE,1,0) -> 0 | E23: =(IF($C$3=0,"",IF($C$3="A",Tablolar!B41,IF($C$3="B",Tablolar!B77, IF(OR($C$3="C",$C$3="Ç"),Tablolar!B126, IF($C$3="D",Tablolar!B162, IF($C$3="E",Tablolar!B199, IF($C$3="F",Tablolar!B235,0)))))))) | H23: =IF(AND(Tablolar!D41=TRUE,F23=0),IF(Tablolar!D41=TRUE,VLOOKUP(E23,IF($C$3="A",Tablolar!$E$34:$H$66,IF($C$3="B",Tablolar!$E$70:$H$113,IF(OR($C$3="C",$C$3="Ç"),Tablolar!$E$119:$H$150,IF($C$3="D",Tablolar!$E$155:$H$186,IF($C$3="E",Tablolar!$E$192:$H$223,IF($C$3="F",Tablolar!$E$228:$H$259,Tablolar!$E$264:$H$295)))))),4,FALSE),0),(IF(OR($C$3=0,F23=0),0,VLOOKUP(E23,IF($C$3="A",Tablolar!$E$34:$H$66,IF($C$3="B",Tablolar!$E$70:$H$113,IF(OR($C$3="C",$C$3="Ç"),Tablolar!$E$119:$H$150,IF($C$3="D",Tablolar!$E$155:$H$186,IF($C$3="E",Tablolar!$E$192:$H$223,IF($C$3="F",Tablolar!$E$228:$H$259,Tablolar!$E$264:$H$295)))))),IF(G23/F23<0.15,2,IF(AND(G23/F23>=0.15,G23/F23<0.3),3,IF(G23/F23>=0.3,4,0))),FALSE)))) -> 0 | I23: =(IF($C$3=0,"",IF($C$3="A",Tablolar!B41,IF($C$3="B",Tablolar!B77, IF(OR($C$3="C",$C$3="Ç"),Tablolar!B126, IF($C$3="D",Tablolar!B162, IF($C$3="E",Tablolar!B199, IF($C$3="F",Tablolar!B235,0)))))))) | K23: =IF(J23="TAM", IF($C$3="A",Tablolar!K41, IF($C$3="B",Tablolar!K77, IF(OR($C$3="C",$C$3="Ç"),Tablolar!K126, IF($C$3="D",Tablolar!K162, IF($C$3="E",Tablolar!K199, IF($C$3="F",Tablolar!K235, Tablolar!K167)))))), IF(J23="LOKAL", IF($C$3="A",Tablolar!L41, IF($C$3="B",Tablolar!L77, IF(OR($C$3="C",$C$3="Ç"),Tablolar!L126, IF($C$3="D",Tablolar!L162, IF($C$3="E",Tablolar!L199, IF($C$3="F",Tablolar!L235, Tablolar!L271)))))),0)) -> 0
B24: =(IF($C$3=0,"",IF($C$3="A",Tablolar!B42,IF($C$3="B",Tablolar!B78, IF(OR($C$3="C",$C$3="Ç"),Tablolar!B127, IF($C$3="D",Tablolar!B163, IF($C$3="E",Tablolar!B200, IF($C$3="F",Tablolar!B236,0)))))))) | C24: =(IF($C$3=0,0,VLOOKUP(B24,IF($C$3="A",Tablolar!$B$34:$C$66,IF($C$3="B",Tablolar!$B$70:$C$113, IF(OR($C$3="C",$C$3="Ç"),Tablolar!$B$119:$C$150, IF($C$3="D",Tablolar!$B$155:$C$186, IF($C$3="E",Tablolar!$B$192:$C$223, IF($C$3="F",Tablolar!$B$228:$C$259,Tablolar!$B$264:$C$295)))))),2,FALSE)))*IF(Tablolar!A42=TRUE,1,0) -> 0 | E24: =(IF($C$3=0,"",IF($C$3="A",Tablolar!B42,IF($C$3="B",Tablolar!B78, IF(OR($C$3="C",$C$3="Ç"),Tablolar!B127, IF($C$3="D",Tablolar!B163, IF($C$3="E",Tablolar!B200, IF($C$3="F",Tablolar!B236,0)))))))) | H24: =IF(AND(Tablolar!D42=TRUE,F24=0),IF(Tablolar!D42=TRUE,VLOOKUP(E24,IF($C$3="A",Tablolar!$E$34:$H$66,IF($C$3="B",Tablolar!$E$70:$H$113,IF(OR($C$3="C",$C$3="Ç"),Tablolar!$E$119:$H$150,IF($C$3="D",Tablolar!$E$155:$H$186,IF($C$3="E",Tablolar!$E$192:$H$223,IF($C$3="F",Tablolar!$E$228:$H$259,Tablolar!$E$264:$H$295)))))),4,FALSE),0),(IF(OR($C$3=0,F24=0),0,VLOOKUP(E24,IF($C$3="A",Tablolar!$E$34:$H$66,IF($C$3="B",Tablolar!$E$70:$H$113,IF(OR($C$3="C",$C$3="Ç"),Tablolar!$E$119:$H$150,IF($C$3="D",Tablolar!$E$155:$H$186,IF($C$3="E",Tablolar!$E$192:$H$223,IF($C$3="F",Tablolar!$E$228:$H$259,Tablolar!$E$264:$H$295)))))),IF(G24/F24<0.15,2,IF(AND(G24/F24>=0.15,G24/F24<0.3),3,IF(G24/F24>=0.3,4,0))),FALSE)))) -> 0 | I24: =(IF($C$3=0,"",IF($C$3="A",Tablolar!B42,IF($C$3="B",Tablolar!B78, IF(OR($C$3="C",$C$3="Ç"),Tablolar!B127, IF($C$3="D",Tablolar!B163, IF($C$3="E",Tablolar!B200, IF($C$3="F",Tablolar!B236,0)))))))) | K24: =IF(J24="TAM", IF($C$3="A",Tablolar!K42, IF($C$3="B",Tablolar!K78, IF(OR($C$3="C",$C$3="Ç"),Tablolar!K127, IF($C$3="D",Tablolar!K163, IF($C$3="E",Tablolar!K200, IF($C$3="F",Tablolar!K236, Tablolar!K168)))))), IF(J24="LOKAL", IF($C$3="A",Tablolar!L42, IF($C$3="B",Tablolar!L78, IF(OR($C$3="C",$C$3="Ç"),Tablolar!L127, IF($C$3="D",Tablolar!L163, IF($C$3="E",Tablolar!L200, IF($C$3="F",Tablolar!L236, Tablolar!L272)))))),0)) -> 0
B25: =(IF($C$3=0,"",IF($C$3="A",Tablolar!B43,IF($C$3="B",Tablolar!B79, IF(OR($C$3="C",$C$3="Ç"),Tablolar!B128, IF($C$3="D",Tablolar!B164, IF($C$3="E",Tablolar!B201, IF($C$3="F",Tablolar!B237,0)))))))) | C25: =(IF($C$3=0,0,VLOOKUP(B25,IF($C$3="A",Tablolar!$B$34:$C$66,IF($C$3="B",Tablolar!$B$70:$C$113, IF(OR($C$3="C",$C$3="Ç"),Tablolar!$B$119:$C$150, IF($C$3="D",Tablolar!$B$155:$C$186, IF($C$3="E",Tablolar!$B$192:$C$223, IF($C$3="F",Tablolar!$B$228:$C$259,Tablolar!$B$264:$C$295)))))),2,FALSE)))*IF(Tablolar!A43=TRUE,1,0) -> 0 | E25: =(IF($C$3=0,"",IF($C$3="A",Tablolar!B43,IF($C$3="B",Tablolar!B79, IF(OR($C$3="C",$C$3="Ç"),Tablolar!B128, IF($C$3="D",Tablolar!B164, IF($C$3="E",Tablolar!B201, IF($C$3="F",Tablolar!B237,0)))))))) | H25: =IF(AND(Tablolar!D43=TRUE,F25=0),IF(Tablolar!D43=TRUE,VLOOKUP(E25,IF($C$3="A",Tablolar!$E$34:$H$66,IF($C$3="B",Tablolar!$E$70:$H$113,IF(OR($C$3="C",$C$3="Ç"),Tablolar!$E$119:$H$150,IF($C$3="D",Tablolar!$E$155:$H$186,IF($C$3="E",Tablolar!$E$192:$H$223,IF($C$3="F",Tablolar!$E$228:$H$259,Tablolar!$E$264:$H$295)))))),4,FALSE),0),(IF(OR($C$3=0,F25=0),0,VLOOKUP(E25,IF($C$3="A",Tablolar!$E$34:$H$66,IF($C$3="B",Tablolar!$E$70:$H$113,IF(OR($C$3="C",$C$3="Ç"),Tablolar!$E$119:$H$150,IF($C$3="D",Tablolar!$E$155:$H$186,IF($C$3="E",Tablolar!$E$192:$H$223,IF($C$3="F",Tablolar!$E$228:$H$259,Tablolar!$E$264:$H$295)))))),IF(G25/F25<0.15,2,IF(AND(G25/F25>=0.15,G25/F25<0.3),3,IF(G25/F25>=0.3,4,0))),FALSE)))) -> 0 | I25: =(IF($C$3=0,"",IF($C$3="A",Tablolar!B43,IF($C$3="B",Tablolar!B79, IF(OR($C$3="C",$C$3="Ç"),Tablolar!B128, IF($C$3="D",Tablolar!B164, IF($C$3="E",Tablolar!B201, IF($C$3="F",Tablolar!B237,0)))))))) | K25: =IF(J25="TAM", IF($C$3="A",Tablolar!K43, IF($C$3="B",Tablolar!K79, IF(OR($C$3="C",$C$3="Ç"),Tablolar!K128, IF($C$3="D",Tablolar!K164, IF($C$3="E",Tablolar!K201, IF($C$3="F",Tablolar!K237, Tablolar!K169)))))), IF(J25="LOKAL", IF($C$3="A",Tablolar!L43, IF($C$3="B",Tablolar!L79, IF(OR($C$3="C",$C$3="Ç"),Tablolar!L128, IF($C$3="D",Tablolar!L164, IF($C$3="E",Tablolar!L201, IF($C$3="F",Tablolar!L237, Tablolar!L273)))))),0)) -> 0
B26: =(IF($C$3=0,"",IF($C$3="A",Tablolar!B44,IF($C$3="B",Tablolar!B80, IF(OR($C$3="C",$C$3="Ç"),Tablolar!B129, IF($C$3="D",Tablolar!B165, IF($C$3="E",Tablolar!B202, IF($C$3="F",Tablolar!B238,0)))))))) | C26: =(IF($C$3=0,0,VLOOKUP(B26,IF($C$3="A",Tablolar!$B$34:$C$66,IF($C$3="B",Tablolar!$B$70:$C$113, IF(OR($C$3="C",$C$3="Ç"),Tablolar!$B$119:$C$150, IF($C$3="D",Tablolar!$B$155:$C$186, IF($C$3="E",Tablolar!$B$192:$C$223, IF($C$3="F",Tablolar!$B$228:$C$259,Tablolar!$B$264:$C$295)))))),2,FALSE)))*IF(Tablolar!A44=TRUE,1,0) -> 0 | E26: =(IF($C$3=0,"",IF($C$3="A",Tablolar!B44,IF($C$3="B",Tablolar!B80, IF(OR($C$3="C",$C$3="Ç"),Tablolar!B129, IF($C$3="D",Tablolar!B165, IF($C$3="E",Tablolar!B202, IF($C$3="F",Tablolar!B238,0)))))))) | H26: =IF(AND(Tablolar!D44=TRUE,F26=0),IF(Tablolar!D44=TRUE,VLOOKUP(E26,IF($C$3="A",Tablolar!$E$34:$H$66,IF($C$3="B",Tablolar!$E$70:$H$113,IF(OR($C$3="C",$C$3="Ç"),Tablolar!$E$119:$H$150,IF($C$3="D",Tablolar!$E$155:$H$186,IF($C$3="E",Tablolar!$E$192:$H$223,IF($C$3="F",Tablolar!$E$228:$H$259,Tablolar!$E$264:$H$295)))))),4,FALSE),0),(IF(OR($C$3=0,F26=0),0,VLOOKUP(E26,IF($C$3="A",Tablolar!$E$34:$H$66,IF($C$3="B",Tablolar!$E$70:$H$113,IF(OR($C$3="C",$C$3="Ç"),Tablolar!$E$119:$H$150,IF($C$3="D",Tablolar!$E$155:$H$186,IF($C$3="E",Tablolar!$E$192:$H$223,IF($C$3="F",Tablolar!$E$228:$H$259,Tablolar!$E$264:$H$295)))))),IF(G26/F26<0.15,2,IF(AND(G26/F26>=0.15,G26/F26<0.3),3,IF(G26/F26>=0.3,4,0))),FALSE)))) -> 0 | I26: =(IF($C$3=0,"",IF($C$3="A",Tablolar!B44,IF($C$3="B",Tablolar!B80, IF(OR($C$3="C",$C$3="Ç"),Tablolar!B129, IF($C$3="D",Tablolar!B165, IF($C$3="E",Tablolar!B202, IF($C$3="F",Tablolar!B238,0)))))))) | K26: =IF(J26="TAM", IF($C$3="A",Tablolar!K44, IF($C$3="B",Tablolar!K80, IF(OR($C$3="C",$C$3="Ç"),Tablolar!K129, IF($C$3="D",Tablolar!K165, IF($C$3="E",Tablolar!K202, IF($C$3="F",Tablolar!K238, Tablolar!K170)))))), IF(J26="LOKAL", IF($C$3="A",Tablolar!L44, IF($C$3="B",Tablolar!L80, IF(OR($C$3="C",$C$3="Ç"),Tablolar!L129, IF($C$3="D",Tablolar!L165, IF($C$3="E",Tablolar!L202, IF($C$3="F",Tablolar!L238, Tablolar!L274)))))),0)) -> 0
B27: =(IF($C$3=0,"",IF($C$3="A",Tablolar!B45,IF($C$3="B",Tablolar!B81, IF(OR($C$3="C",$C$3="Ç"),Tablolar!B130, IF($C$3="D",Tablolar!B166, IF($C$3="E",Tablolar!B203, IF($C$3="F",Tablolar!B239,0)))))))) | C27: =(IF($C$3=0,0,VLOOKUP(B27,IF($C$3="A",Tablolar!$B$34:$C$66,IF($C$3="B",Tablolar!$B$70:$C$113, IF(OR($C$3="C",$C$3="Ç"),Tablolar!$B$119:$C$150, IF($C$3="D",Tablolar!$B$155:$C$186, IF($C$3="E",Tablolar!$B$192:$C$223, IF($C$3="F",Tablolar!$B$228:$C$259,Tablolar!$B$264:$C$295)))))),2,FALSE)))*IF(Tablolar!A45=TRUE,1,0) -> 0 | E27: =(IF($C$3=0,"",IF($C$3="A",Tablolar!B45,IF($C$3="B",Tablolar!B81, IF(OR($C$3="C",$C$3="Ç"),Tablolar!B130, IF($C$3="D",Tablolar!B166, IF($C$3="E",Tablolar!B203, IF($C$3="F",Tablolar!B239,0)))))))) | H27: =IF(AND(Tablolar!D45=TRUE,F27=0),IF(Tablolar!D45=TRUE,VLOOKUP(E27,IF($C$3="A",Tablolar!$E$34:$H$66,IF($C$3="B",Tablolar!$E$70:$H$113,IF(OR($C$3="C",$C$3="Ç"),Tablolar!$E$119:$H$150,IF($C$3="D",Tablolar!$E$155:$H$186,IF($C$3="E",Tablolar!$E$192:$H$223,IF($C$3="F",Tablolar!$E$228:$H$259,Tablolar!$E$264:$H$295)))))),4,FALSE),0),(IF(OR($C$3=0,F27=0),0,VLOOKUP(E27,IF($C$3="A",Tablolar!$E$34:$H$66,IF($C$3="B",Tablolar!$E$70:$H$113,IF(OR($C$3="C",$C$3="Ç"),Tablolar!$E$119:$H$150,IF($C$3="D",Tablolar!$E$155:$H$186,IF($C$3="E",Tablolar!$E$192:$H$223,IF($C$3="F",Tablolar!$E$228:$H$259,Tablolar!$E$264:$H$295)))))),IF(G27/F27<0.15,2,IF(AND(G27/F27>=0.15,G27/F27<0.3),3,IF(G27/F27>=0.3,4,0))),FALSE)))) -> 0 | I27: =(IF($C$3=0,"",IF($C$3="A",Tablolar!B45,IF($C$3="B",Tablolar!B81, IF(OR($C$3="C",$C$3="Ç"),Tablolar!B130, IF($C$3="D",Tablolar!B166, IF($C$3="E",Tablolar!B203, IF($C$3="F",Tablolar!B239,0)))))))) | K27: =IF(J27="TAM", IF($C$3="A",Tablolar!K45, IF($C$3="B",Tablolar!K81, IF(OR($C$3="C",$C$3="Ç"),Tablolar!K130, IF($C$3="D",Tablolar!K166, IF($C$3="E",Tablolar!K203, IF($C$3="F",Tablolar!K239, Tablolar!K171)))))), IF(J27="LOKAL", IF($C$3="A",Tablolar!L45, IF($C$3="B",Tablolar!L81, IF(OR($C$3="C",$C$3="Ç"),Tablolar!L130, IF($C$3="D",Tablolar!L166, IF($C$3="E",Tablolar!L203, IF($C$3="F",Tablolar!L239, Tablolar!L275)))))),0)) -> 0
B28: =(IF($C$3=0,"",IF($C$3="A",Tablolar!B46,IF($C$3="B",Tablolar!B82, IF(OR($C$3="C",$C$3="Ç"),Tablolar!B131, IF($C$3="D",Tablolar!B167, IF($C$3="E",Tablolar!B204, IF($C$3="F",Tablolar!B240,0)))))))) | C28: =(IF($C$3=0,0,VLOOKUP(B28,IF($C$3="A",Tablolar!$B$34:$C$66,IF($C$3="B",Tablolar!$B$70:$C$113, IF(OR($C$3="C",$C$3="Ç"),Tablolar!$B$119:$C$150, IF($C$3="D",Tablolar!$B$155:$C$186, IF($C$3="E",Tablolar!$B$192:$C$223, IF($C$3="F",Tablolar!$B$228:$C$259,Tablolar!$B$264:$C$295)))))),2,FALSE)))*IF(Tablolar!A46=TRUE,1,0) -> 0 | E28: =(IF($C$3=0,"",IF($C$3="A",Tablolar!B46,IF($C$3="B",Tablolar!B82, IF(OR($C$3="C",$C$3="Ç"),Tablolar!B131, IF($C$3="D",Tablolar!B167, IF($C$3="E",Tablolar!B204, IF($C$3="F",Tablolar!B240,0)))))))) | H28: =IF(AND(Tablolar!D46=TRUE,F28=0),IF(Tablolar!D46=TRUE,VLOOKUP(E28,IF($C$3="A",Tablolar!$E$34:$H$66,IF($C$3="B",Tablolar!$E$70:$H$113,IF(OR($C$3="C",$C$3="Ç"),Tablolar!$E$119:$H$150,IF($C$3="D",Tablolar!$E$155:$H$186,IF($C$3="E",Tablolar!$E$192:$H$223,IF($C$3="F",Tablolar!$E$228:$H$259,Tablolar!$E$264:$H$295)))))),4,FALSE),0),(IF(OR($C$3=0,F28=0),0,VLOOKUP(E28,IF($C$3="A",Tablolar!$E$34:$H$66,IF($C$3="B",Tablolar!$E$70:$H$113,IF(OR($C$3="C",$C$3="Ç"),Tablolar!$E$119:$H$150,IF($C$3="D",Tablolar!$E$155:$H$186,IF($C$3="E",Tablolar!$E$192:$H$223,IF($C$3="F",Tablolar!$E$228:$H$259,Tablolar!$E$264:$H$295)))))),IF(G28/F28<0.15,2,IF(AND(G28/F28>=0.15,G28/F28<0.3),3,IF(G28/F28>=0.3,4,0))),FALSE)))) -> 0 | I28: =(IF($C$3=0,"",IF($C$3="A",Tablolar!B46,IF($C$3="B",Tablolar!B82, IF(OR($C$3="C",$C$3="Ç"),Tablolar!B131, IF($C$3="D",Tablolar!B167, IF($C$3="E",Tablolar!B204, IF($C$3="F",Tablolar!B240,0)))))))) | K28: =IF(J28="TAM", IF($C$3="A",Tablolar!K46, IF($C$3="B",Tablolar!K82, IF(OR($C$3="C",$C$3="Ç"),Tablolar!K131, IF($C$3="D",Tablolar!K167, IF($C$3="E",Tablolar!K204, IF($C$3="F",Tablolar!K240, Tablolar!K172)))))), IF(J28="LOKAL", IF($C$3="A",Tablolar!L46, IF($C$3="B",Tablolar!L82, IF(OR($C$3="C",$C$3="Ç"),Tablolar!L131, IF($C$3="D",Tablolar!L167, IF($C$3="E",Tablolar!L204, IF($C$3="F",Tablolar!L240, Tablolar!L276)))))),0)) -> 0
B29: =(IF($C$3=0,"",IF($C$3="A",Tablolar!B47,IF($C$3="B",Tablolar!B83, IF(OR($C$3="C",$C$3="Ç"),Tablolar!B132, IF($C$3="D",Tablolar!B168, IF($C$3="E",Tablolar!B205, IF($C$3="F",Tablolar!B241,0)))))))) | C29: =(IF($C$3=0,0,VLOOKUP(B29,IF($C$3="A",Tablolar!$B$34:$C$66,IF($C$3="B",Tablolar!$B$70:$C$113, IF(OR($C$3="C",$C$3="Ç"),Tablolar!$B$119:$C$151, IF($C$3="D",Tablolar!$B$155:$C$186, IF($C$3="E",Tablolar!$B$192:$C$223, IF($C$3="F",Tablolar!$B$228:$C$259,Tablolar!$B$264:$C$295)))))),2,FALSE)))*IF(Tablolar!A47=TRUE,1,0) -> 0 | E29: =(IF($C$3=0,"",IF($C$3="A",Tablolar!B47,IF($C$3="B",Tablolar!B83, IF(OR($C$3="C",$C$3="Ç"),Tablolar!B132, IF($C$3="D",Tablolar!B168, IF($C$3="E",Tablolar!B205, IF($C$3="F",Tablolar!B241,0)))))))) | H29: =IF(AND(Tablolar!D47=TRUE,F29=0),IF(Tablolar!D47=TRUE,VLOOKUP(E29,IF($C$3="A",Tablolar!$E$34:$H$66,IF($C$3="B",Tablolar!$E$70:$H$113,IF(OR($C$3="C",$C$3="Ç"),Tablolar!$E$119:$H$150,IF($C$3="D",Tablolar!$E$155:$H$186,IF($C$3="E",Tablolar!$E$192:$H$223,IF($C$3="F",Tablolar!$E$228:$H$259,Tablolar!$E$264:$H$295)))))),4,FALSE),0),(IF(OR($C$3=0,F29=0),0,VLOOKUP(E29,IF($C$3="A",Tablolar!$E$34:$H$66,IF($C$3="B",Tablolar!$E$70:$H$113,IF(OR($C$3="C",$C$3="Ç"),Tablolar!$E$119:$H$150,IF($C$3="D",Tablolar!$E$155:$H$186,IF($C$3="E",Tablolar!$E$192:$H$223,IF($C$3="F",Tablolar!$E$228:$H$259,Tablolar!$E$264:$H$295)))))),IF(G29/F29<0.15,2,IF(AND(G29/F29>=0.15,G29/F29<0.3),3,IF(G29/F29>=0.3,4,0))),FALSE)))) -> 0 | I29: =(IF($C$3=0,"",IF($C$3="A",Tablolar!B47,IF($C$3="B",Tablolar!B83, IF(OR($C$3="C",$C$3="Ç"),Tablolar!B132, IF($C$3="D",Tablolar!B168, IF($C$3="E",Tablolar!B205, IF($C$3="F",Tablolar!B241,0)))))))) | K29: =IF(J29="TAM", IF($C$3="A",Tablolar!K47, IF($C$3="B",Tablolar!K83, IF(OR($C$3="C",$C$3="Ç"),Tablolar!K132, IF($C$3="D",Tablolar!K168, IF($C$3="E",Tablolar!K205, IF($C$3="F",Tablolar!K241, Tablolar!K173)))))), IF(J29="LOKAL", IF($C$3="A",Tablolar!L47, IF($C$3="B",Tablolar!L83, IF(OR($C$3="C",$C$3="Ç"),Tablolar!L132, IF($C$3="D",Tablolar!L168, IF($C$3="E",Tablolar!L205, IF($C$3="F",Tablolar!L241, Tablolar!L277)))))),0)) -> 0
B30: =(IF($C$3=0,"",IF($C$3="A",Tablolar!B48,IF($C$3="B",Tablolar!B84, IF(OR($C$3="C",$C$3="Ç"),Tablolar!B133, IF($C$3="D",Tablolar!B169, IF($C$3="E",Tablolar!B206, IF($C$3="F",Tablolar!B242,0)))))))) | C30: =(IF($C$3=0,0,VLOOKUP(B30,IF($C$3="A",Tablolar!$B$34:$C$66,IF($C$3="B",Tablolar!$B$70:$C$113, IF(OR($C$3="C",$C$3="Ç"),Tablolar!$B$119:$C$152, IF($C$3="D",Tablolar!$B$155:$C$186, IF($C$3="E",Tablolar!$B$192:$C$223, IF($C$3="F",Tablolar!$B$228:$C$259,Tablolar!$B$264:$C$295)))))),2,FALSE)))*IF(Tablolar!A48=TRUE,1,0) -> 0 | E30: =(IF($C$3=0,"",IF($C$3="A",Tablolar!B48,IF($C$3="B",Tablolar!B84, IF(OR($C$3="C",$C$3="Ç"),Tablolar!B133, IF($C$3="D",Tablolar!B169, IF($C$3="E",Tablolar!B206, IF($C$3="F",Tablolar!B242,0)))))))) | H30: =IF(AND(Tablolar!D48=TRUE,F30=0),IF(Tablolar!D48=TRUE,VLOOKUP(E30,IF($C$3="A",Tablolar!$E$34:$H$66,IF($C$3="B",Tablolar!$E$70:$H$113,IF(OR($C$3="C",$C$3="Ç"),Tablolar!$E$119:$H$150,IF($C$3="D",Tablolar!$E$155:$H$186,IF($C$3="E",Tablolar!$E$192:$H$223,IF($C$3="F",Tablolar!$E$228:$H$259,Tablolar!$E$264:$H$295)))))),4,FALSE),0),(IF(OR($C$3=0,F30=0),0,VLOOKUP(E30,IF($C$3="A",Tablolar!$E$34:$H$66,IF($C$3="B",Tablolar!$E$70:$H$113,IF(OR($C$3="C",$C$3="Ç"),Tablolar!$E$119:$H$150,IF($C$3="D",Tablolar!$E$155:$H$186,IF($C$3="E",Tablolar!$E$192:$H$223,IF($C$3="F",Tablolar!$E$228:$H$259,Tablolar!$E$264:$H$295)))))),IF(G30/F30<0.15,2,IF(AND(G30/F30>=0.15,G30/F30<0.3),3,IF(G30/F30>=0.3,4,0))),FALSE)))) -> 0 | I30: =(IF($C$3=0,"",IF($C$3="A",Tablolar!B48,IF($C$3="B",Tablolar!B84, IF(OR($C$3="C",$C$3="Ç"),Tablolar!B133, IF($C$3="D",Tablolar!B169, IF($C$3="E",Tablolar!B206, IF($C$3="F",Tablolar!B242,0)))))))) | K30: =IF(J30="TAM", IF($C$3="A",Tablolar!K48, IF($C$3="B",Tablolar!K84, IF(OR($C$3="C",$C$3="Ç"),Tablolar!K133, IF($C$3="D",Tablolar!K169, IF($C$3="E",Tablolar!K206, IF($C$3="F",Tablolar!K242, Tablolar!K174)))))), IF(J30="LOKAL", IF($C$3="A",Tablolar!L48, IF($C$3="B",Tablolar!L84, IF(OR($C$3="C",$C$3="Ç"),Tablolar!L133, IF($C$3="D",Tablolar!L169, IF($C$3="E",Tablolar!L206, IF($C$3="F",Tablolar!L242, Tablolar!L278)))))),0)) -> 0
B31: =(IF($C$3=0,"",IF($C$3="A",Tablolar!B49,IF($C$3="B",Tablolar!B85, IF(AND(OR($C$3="C",$C$3="Ç"),$B$3="KAMYONET"),Tablolar!B134, IF(OR($C$3="C",$C$3="Ç"),Tablolar!B144, IF($C$3="D",Tablolar!B170, IF($C$3="E",Tablolar!B207, IF($C$3="F",Tablolar!B243,0))))))))) | C31: =(IF($C$3=0,0,VLOOKUP(B31,IF($C$3="A",Tablolar!$B$34:$C$66,IF($C$3="B",Tablolar!$B$70:$C$113, IF(OR($C$3="C",$C$3="Ç"),Tablolar!$B$119:$C$150, IF($C$3="D",Tablolar!$B$155:$C$186, IF($C$3="E",Tablolar!$B$192:$C$223, IF($C$3="F",Tablolar!$B$228:$C$259,Tablolar!$B$264:$C$295)))))),2,FALSE)))*IF(Tablolar!A49=TRUE,1,0) -> 0 | E31: =(IF($C$3=0,"",IF($C$3="A",Tablolar!B49,IF($C$3="B",Tablolar!B85, IF(AND(OR($C$3="C",$C$3="Ç"),$B$3="KAMYONET"),Tablolar!B134, IF(OR($C$3="C",$C$3="Ç"),Tablolar!B144, IF($C$3="D",Tablolar!B170, IF($C$3="E",Tablolar!B207, IF($C$3="F",Tablolar!B243,0))))))))) | H31: =IF(AND(Tablolar!D49=TRUE,F31=0),IF(Tablolar!D49=TRUE,VLOOKUP(E31,IF($C$3="A",Tablolar!$E$34:$H$66,IF($C$3="B",Tablolar!$E$70:$H$113,IF(OR($C$3="C",$C$3="Ç"),Tablolar!$E$119:$H$150,IF($C$3="D",Tablolar!$E$155:$H$186,IF($C$3="E",Tablolar!$E$192:$H$223,IF($C$3="F",Tablolar!$E$228:$H$259,Tablolar!$E$264:$H$295)))))),4,FALSE),0),(IF(OR($C$3=0,F31=0),0,VLOOKUP(E31,IF($C$3="A",Tablolar!$E$34:$H$66,IF($C$3="B",Tablolar!$E$70:$H$113,IF(OR($C$3="C",$C$3="Ç"),Tablolar!$E$119:$H$150,IF($C$3="D",Tablolar!$E$155:$H$186,IF($C$3="E",Tablolar!$E$192:$H$223,IF($C$3="F",Tablolar!$E$228:$H$259,Tablolar!$E$264:$H$295)))))),IF(G31/F31<0.15,2,IF(AND(G31/F31>=0.15,G31/F31<0.3),3,IF(G31/F31>=0.3,4,0))),FALSE)))) -> 0 | I31: =(IF($C$3=0,"",IF($C$3="A",Tablolar!B49,IF($C$3="B",Tablolar!B85, IF(AND(OR($C$3="C",$C$3="Ç"),$B$3="KAMYONET"),Tablolar!B134, IF(OR($C$3="C",$C$3="Ç"),Tablolar!B144, IF($C$3="D",Tablolar!B170, IF($C$3="E",Tablolar!B207, IF($C$3="F",Tablolar!B243,0))))))))) | K31: =IF(J31="TAM", IF($C$3="A",Tablolar!K49, IF($C$3="B",Tablolar!K85, IF(OR($C$3="C",$C$3="Ç"),Tablolar!K134, IF($C$3="D",Tablolar!K170, IF($C$3="E",Tablolar!K207, IF($C$3="F",Tablolar!K243, Tablolar!K175)))))), IF(J31="LOKAL", IF($C$3="A",Tablolar!L49, IF($C$3="B",Tablolar!L85, IF(OR($C$3="C",$C$3="Ç"),Tablolar!L134, IF($C$3="D",Tablolar!L170, IF($C$3="E",Tablolar!L207, IF($C$3="F",Tablolar!L243, Tablolar!L279)))))),0)) -> 0
B32: =(IF($C$3=0,"",IF($C$3="A",Tablolar!B50,IF($C$3="B",Tablolar!B86, IF(AND(OR($C$3="C",$C$3="Ç"),$B$3="KAMYONET"),Tablolar!B135, IF(OR($C$3="C",$C$3="Ç"),Tablolar!B145, IF($C$3="D",Tablolar!B171, IF($C$3="E",Tablolar!B208, IF($C$3="F",Tablolar!B244,0))))))))) | C32: =(IF($C$3=0,0,VLOOKUP(B32,IF($C$3="A",Tablolar!$B$34:$C$66,IF($C$3="B",Tablolar!$B$70:$C$113, IF(OR($C$3="C",$C$3="Ç"),Tablolar!$B$119:$C$150, IF($C$3="D",Tablolar!$B$155:$C$186, IF($C$3="E",Tablolar!$B$192:$C$223, IF($C$3="F",Tablolar!$B$228:$C$259,Tablolar!$B$264:$C$295)))))),2,FALSE)))*IF(Tablolar!A50=TRUE,1,0) -> 0 | E32: =(IF($C$3=0,"",IF($C$3="A",Tablolar!B50,IF($C$3="B",Tablolar!B86, IF(AND(OR($C$3="C",$C$3="Ç"),$B$3="KAMYONET"),Tablolar!B135, IF(OR($C$3="C",$C$3="Ç"),Tablolar!B145, IF($C$3="D",Tablolar!B171, IF($C$3="E",Tablolar!B208, IF($C$3="F",Tablolar!B244,0))))))))) | H32: =IF(AND(Tablolar!D50=TRUE,F32=0),IF(Tablolar!D50=TRUE,VLOOKUP(E32,IF($C$3="A",Tablolar!$E$34:$H$66,IF($C$3="B",Tablolar!$E$70:$H$113,IF(OR($C$3="C",$C$3="Ç"),Tablolar!$E$119:$H$150,IF($C$3="D",Tablolar!$E$155:$H$186,IF($C$3="E",Tablolar!$E$192:$H$223,IF($C$3="F",Tablolar!$E$228:$H$259,Tablolar!$E$264:$H$295)))))),4,FALSE),0),(IF(OR($C$3=0,F32=0),0,VLOOKUP(E32,IF($C$3="A",Tablolar!$E$34:$H$66,IF($C$3="B",Tablolar!$E$70:$H$113,IF(OR($C$3="C",$C$3="Ç"),Tablolar!$E$119:$H$150,IF($C$3="D",Tablolar!$E$155:$H$186,IF($C$3="E",Tablolar!$E$192:$H$223,IF($C$3="F",Tablolar!$E$228:$H$259,Tablolar!$E$264:$H$295)))))),IF(G32/F32<0.15,2,IF(AND(G32/F32>=0.15,G32/F32<0.3),3,IF(G32/F32>=0.3,4,0))),FALSE)))) -> 0 | I32: =(IF($C$3=0,"",IF($C$3="A",Tablolar!B50,IF($C$3="B",Tablolar!B86, IF(AND(OR($C$3="C",$C$3="Ç"),$B$3="KAMYONET"),Tablolar!B135, IF(OR($C$3="C",$C$3="Ç"),Tablolar!B145, IF($C$3="D",Tablolar!B171, IF($C$3="E",Tablolar!B208, IF($C$3="F",Tablolar!B244,0))))))))) | K32: =IF(J32="TAM", IF($C$3="A",Tablolar!K50, IF($C$3="B",Tablolar!K86, IF(OR($C$3="C",$C$3="Ç"),Tablolar!K135, IF($C$3="D",Tablolar!K171, IF($C$3="E",Tablolar!K208, IF($C$3="F",Tablolar!K244, Tablolar!K176)))))), IF(J32="LOKAL", IF($C$3="A",Tablolar!L50, IF($C$3="B",Tablolar!L86, IF(OR($C$3="C",$C$3="Ç"),Tablolar!L135, IF($C$3="D",Tablolar!L171, IF($C$3="E",Tablolar!L208, IF($C$3="F",Tablolar!L244, Tablolar!L280)))))),0)) -> 0
B33: =(IF($C$3=0,"",IF($C$3="A",Tablolar!B51,IF($C$3="B",Tablolar!B87, IF(AND(OR($C$3="C",$C$3="Ç"),$B$3="KAMYONET"),Tablolar!B136, IF(OR($C$3="C",$C$3="Ç"),Tablolar!B146, IF($C$3="D",Tablolar!B172, IF($C$3="E",Tablolar!B209, IF($C$3="F",Tablolar!B245,0))))))))) | C33: =(IF($C$3=0,0,VLOOKUP(B33,IF($C$3="A",Tablolar!$B$34:$C$66,IF($C$3="B",Tablolar!$B$70:$C$113, IF(OR($C$3="C",$C$3="Ç"),Tablolar!$B$119:$C$150, IF($C$3="D",Tablolar!$B$155:$C$186, IF($C$3="E",Tablolar!$B$192:$C$223, IF($C$3="F",Tablolar!$B$228:$C$259,Tablolar!$B$264:$C$295)))))),2,FALSE)))*IF(Tablolar!A51=TRUE,1,0) -> 0 | E33: =(IF($C$3=0,"",IF($C$3="A",Tablolar!B51,IF($C$3="B",Tablolar!B87, IF(AND(OR($C$3="C",$C$3="Ç"),$B$3="KAMYONET"),Tablolar!B136, IF(OR($C$3="C",$C$3="Ç"),Tablolar!B146, IF($C$3="D",Tablolar!B172, IF($C$3="E",Tablolar!B209, IF($C$3="F",Tablolar!B245,0))))))))) | H33: =IF(AND(Tablolar!D51=TRUE,F33=0),IF(Tablolar!D51=TRUE,VLOOKUP(E33,IF($C$3="A",Tablolar!$E$34:$H$66,IF($C$3="B",Tablolar!$E$70:$H$113,IF(OR($C$3="C",$C$3="Ç"),Tablolar!$E$119:$H$150,IF($C$3="D",Tablolar!$E$155:$H$186,IF($C$3="E",Tablolar!$E$192:$H$223,IF($C$3="F",Tablolar!$E$228:$H$259,Tablolar!$E$264:$H$295)))))),4,FALSE),0),(IF(OR($C$3=0,F33=0),0,VLOOKUP(E33,IF($C$3="A",Tablolar!$E$34:$H$66,IF($C$3="B",Tablolar!$E$70:$H$113,IF(OR($C$3="C",$C$3="Ç"),Tablolar!$E$119:$H$150,IF($C$3="D",Tablolar!$E$155:$H$186,IF($C$3="E",Tablolar!$E$192:$H$223,IF($C$3="F",Tablolar!$E$228:$H$259,Tablolar!$E$264:$H$295)))))),IF(G33/F33<0.15,2,IF(AND(G33/F33>=0.15,G33/F33<0.3),3,IF(G33/F33>=0.3,4,0))),FALSE)))) -> 0 | I33: =(IF($C$3=0,"",IF($C$3="A",Tablolar!B51,IF($C$3="B",Tablolar!B87, IF(AND(OR($C$3="C",$C$3="Ç"),$B$3="KAMYONET"),Tablolar!B136, IF(OR($C$3="C",$C$3="Ç"),Tablolar!B146, IF($C$3="D",Tablolar!B172, IF($C$3="E",Tablolar!B209, IF($C$3="F",Tablolar!B245,0))))))))) | K33: =IF(J33="TAM", IF($C$3="A",Tablolar!K51, IF($C$3="B",Tablolar!K87, IF(OR($C$3="C",$C$3="Ç"),Tablolar!K136, IF($C$3="D",Tablolar!K172, IF($C$3="E",Tablolar!K209, IF($C$3="F",Tablolar!K245, Tablolar!K177)))))), IF(J33="LOKAL", IF($C$3="A",Tablolar!L51, IF($C$3="B",Tablolar!L87, IF(OR($C$3="C",$C$3="Ç"),Tablolar!L136, IF($C$3="D",Tablolar!L172, IF($C$3="E",Tablolar!L209, IF($C$3="F",Tablolar!L245, Tablolar!L281)))))),0)) -> 0
B34: =(IF($C$3=0,"",IF($C$3="A",Tablolar!B52,IF($C$3="B",Tablolar!B88, IF(AND(OR($C$3="C",$C$3="Ç"),$B$3="KAMYONET"),Tablolar!B137, IF($C$3="D",Tablolar!B173, IF($C$3="E",Tablolar!B210, IF($C$3="F",Tablolar!B246,0)))))))) | C34: =(IF($C$3=0,0,VLOOKUP(B34,IF($C$3="A",Tablolar!$B$34:$C$66,IF($C$3="B",Tablolar!$B$70:$C$113, IF(OR($C$3="C",$C$3="Ç"),Tablolar!$B$119:$C$150, IF($C$3="D",Tablolar!$B$155:$C$186, IF($C$3="E",Tablolar!$B$192:$C$223, IF($C$3="F",Tablolar!$B$228:$C$259,Tablolar!$B$264:$C$295)))))),2,FALSE)))*IF(Tablolar!A52=TRUE,1,0) -> 0 | E34: =(IF($C$3=0,"",IF($C$3="A",Tablolar!B52,IF($C$3="B",Tablolar!B88, IF(AND(OR($C$3="C",$C$3="Ç"),$B$3="KAMYONET"),Tablolar!B137, IF($C$3="D",Tablolar!B173, IF($C$3="E",Tablolar!B210, IF($C$3="F",Tablolar!B246,0)))))))) | H34: =IF(AND(Tablolar!D52=TRUE,F34=0),IF(Tablolar!D52=TRUE,VLOOKUP(E34,IF($C$3="A",Tablolar!$E$34:$H$66,IF($C$3="B",Tablolar!$E$70:$H$113,IF(OR($C$3="C",$C$3="Ç"),Tablolar!$E$119:$H$150,IF($C$3="D",Tablolar!$E$155:$H$186,IF($C$3="E",Tablolar!$E$192:$H$223,IF($C$3="F",Tablolar!$E$228:$H$259,Tablolar!$E$264:$H$295)))))),4,FALSE),0),(IF(OR($C$3=0,F34=0),0,VLOOKUP(E34,IF($C$3="A",Tablolar!$E$34:$H$66,IF($C$3="B",Tablolar!$E$70:$H$113,IF(OR($C$3="C",$C$3="Ç"),Tablolar!$E$119:$H$150,IF($C$3="D",Tablolar!$E$155:$H$186,IF($C$3="E",Tablolar!$E$192:$H$223,IF($C$3="F",Tablolar!$E$228:$H$259,Tablolar!$E$264:$H$295)))))),IF(G34/F34<0.15,2,IF(AND(G34/F34>=0.15,G34/F34<0.3),3,IF(G34/F34>=0.3,4,0))),FALSE)))) -> 0 | I34: =(IF($C$3=0,"",IF($C$3="A",Tablolar!B52,IF($C$3="B",Tablolar!B88, IF(AND(OR($C$3="C",$C$3="Ç"),$B$3="KAMYONET"),Tablolar!B137, IF($C$3="D",Tablolar!B173, IF($C$3="E",Tablolar!B210, IF($C$3="F",Tablolar!B246,0)))))))) | K34: =IF(J34="TAM", IF($C$3="A",Tablolar!K52, IF($C$3="B",Tablolar!K88, IF(OR($C$3="C",$C$3="Ç"),Tablolar!K137, IF($C$3="D",Tablolar!K173, IF($C$3="E",Tablolar!K210, IF($C$3="F",Tablolar!K246, Tablolar!K178)))))), IF(J34="LOKAL", IF($C$3="A",Tablolar!L52, IF($C$3="B",Tablolar!L88, IF(OR($C$3="C",$C$3="Ç"),Tablolar!L137, IF($C$3="D",Tablolar!L173, IF($C$3="E",Tablolar!L210, IF($C$3="F",Tablolar!L246, Tablolar!L282)))))),0)) -> 0
B35: =(IF($C$3=0,"",IF($C$3="A",Tablolar!B53,IF($C$3="B",Tablolar!B89, IF(AND(OR($C$3="C",$C$3="Ç"),$B$3="KAMYONET"),Tablolar!B138, IF($C$3="D",Tablolar!B174, IF($C$3="E",Tablolar!B211, IF($C$3="F",Tablolar!B247,0)))))))) | C35: =(IF($C$3=0,0,VLOOKUP(B35,IF($C$3="A",Tablolar!$B$34:$C$66,IF($C$3="B",Tablolar!$B$70:$C$113, IF(OR($C$3="C",$C$3="Ç"),Tablolar!$B$119:$C$150, IF($C$3="D",Tablolar!$B$155:$C$186, IF($C$3="E",Tablolar!$B$192:$C$223, IF($C$3="F",Tablolar!$B$228:$C$259,Tablolar!$B$264:$C$295)))))),2,FALSE)))*IF(Tablolar!A53=TRUE,1,0) -> 0 | E35: =(IF($C$3=0,"",IF($C$3="A",Tablolar!B53,IF($C$3="B",Tablolar!B89, IF(AND(OR($C$3="C",$C$3="Ç"),$B$3="KAMYONET"),Tablolar!B138, IF($C$3="D",Tablolar!B174, IF($C$3="E",Tablolar!B211, IF($C$3="F",Tablolar!B247,0)))))))) | H35: =IF(AND(Tablolar!D53=TRUE,F35=0),IF(Tablolar!D53=TRUE,VLOOKUP(E35,IF($C$3="A",Tablolar!$E$34:$H$66,IF($C$3="B",Tablolar!$E$70:$H$113,IF(OR($C$3="C",$C$3="Ç"),Tablolar!$E$119:$H$150,IF($C$3="D",Tablolar!$E$155:$H$186,IF($C$3="E",Tablolar!$E$192:$H$223,IF($C$3="F",Tablolar!$E$228:$H$259,Tablolar!$E$264:$H$295)))))),4,FALSE),0),(IF(OR($C$3=0,F35=0),0,VLOOKUP(E35,IF($C$3="A",Tablolar!$E$34:$H$66,IF($C$3="B",Tablolar!$E$70:$H$113,IF(OR($C$3="C",$C$3="Ç"),Tablolar!$E$119:$H$150,IF($C$3="D",Tablolar!$E$155:$H$186,IF($C$3="E",Tablolar!$E$192:$H$223,IF($C$3="F",Tablolar!$E$228:$H$259,Tablolar!$E$264:$H$295)))))),IF(G35/F35<0.15,2,IF(AND(G35/F35>=0.15,G35/F35<0.3),3,IF(G35/F35>=0.3,4,0))),FALSE)))) -> 0 | I35: =(IF($C$3=0,"",IF($C$3="A",Tablolar!B53,IF($C$3="B",Tablolar!B89, IF(AND(OR($C$3="C",$C$3="Ç"),$B$3="KAMYONET"),Tablolar!B138, IF($C$3="D",Tablolar!B174, IF($C$3="E",Tablolar!B211, IF($C$3="F",Tablolar!B247,0)))))))) | K35: =IF(J35="TAM", IF($C$3="A",Tablolar!K53, IF($C$3="B",Tablolar!K89, IF(OR($C$3="C",$C$3="Ç"),Tablolar!K138, IF($C$3="D",Tablolar!K174, IF($C$3="E",Tablolar!K211, IF($C$3="F",Tablolar!K247, Tablolar!K179)))))), IF(J35="LOKAL", IF($C$3="A",Tablolar!L53, IF($C$3="B",Tablolar!L89, IF(OR($C$3="C",$C$3="Ç"),Tablolar!L138, IF($C$3="D",Tablolar!L174, IF($C$3="E",Tablolar!L211, IF($C$3="F",Tablolar!L247, Tablolar!L283)))))),0)) -> 0
B36: =(IF($C$3=0,"",IF($C$3="A",Tablolar!B54,IF($C$3="B",Tablolar!B90, IF(AND(OR($C$3="C",$C$3="Ç"),$B$3="KAMYONET"),Tablolar!B139, IF($C$3="D",Tablolar!B175, IF($C$3="E",Tablolar!B212, IF($C$3="F",Tablolar!B248,0)))))))) | C36: =(IF($C$3=0,0,VLOOKUP(B36,IF($C$3="A",Tablolar!$B$34:$C$66,IF($C$3="B",Tablolar!$B$70:$C$113, IF(OR($C$3="C",$C$3="Ç"),Tablolar!$B$119:$C$150, IF($C$3="D",Tablolar!$B$155:$C$186, IF($C$3="E",Tablolar!$B$192:$C$223, IF($C$3="F",Tablolar!$B$228:$C$259,Tablolar!$B$264:$C$295)))))),2,FALSE)))*IF(Tablolar!A54=TRUE,1,0) -> 0 | E36: =(IF($C$3=0,"",IF($C$3="A",Tablolar!B54,IF($C$3="B",Tablolar!B90, IF(AND(OR($C$3="C",$C$3="Ç"),$B$3="KAMYONET"),Tablolar!B139, IF($C$3="D",Tablolar!B175, IF($C$3="E",Tablolar!B212, IF($C$3="F",Tablolar!B248,0)))))))) | H36: =IF(AND(Tablolar!D54=TRUE,F36=0),IF(Tablolar!D54=TRUE,VLOOKUP(E36,IF($C$3="A",Tablolar!$E$34:$H$66,IF($C$3="B",Tablolar!$E$70:$H$113,IF(OR($C$3="C",$C$3="Ç"),Tablolar!$E$119:$H$150,IF($C$3="D",Tablolar!$E$155:$H$186,IF($C$3="E",Tablolar!$E$192:$H$223,IF($C$3="F",Tablolar!$E$228:$H$259,Tablolar!$E$264:$H$295)))))),4,FALSE),0),(IF(OR($C$3=0,F36=0),0,VLOOKUP(E36,IF($C$3="A",Tablolar!$E$34:$H$66,IF($C$3="B",Tablolar!$E$70:$H$113,IF(OR($C$3="C",$C$3="Ç"),Tablolar!$E$119:$H$150,IF($C$3="D",Tablolar!$E$155:$H$186,IF($C$3="E",Tablolar!$E$192:$H$223,IF($C$3="F",Tablolar!$E$228:$H$259,Tablolar!$E$264:$H$295)))))),IF(G36/F36<0.15,2,IF(AND(G36/F36>=0.15,G36/F36<0.3),3,IF(G36/F36>=0.3,4,0))),FALSE)))) -> 0 | I36: =(IF($C$3=0,"",IF($C$3="A",Tablolar!B54,IF($C$3="B",Tablolar!B90, IF(AND(OR($C$3="C",$C$3="Ç"),$B$3="KAMYONET"),Tablolar!B139, IF($C$3="D",Tablolar!B175, IF($C$3="E",Tablolar!B212, IF($C$3="F",Tablolar!B248,0)))))))) | K36: =IF(J36="TAM", IF($C$3="A",Tablolar!K54, IF($C$3="B",Tablolar!K90, IF(OR($C$3="C",$C$3="Ç"),Tablolar!K139, IF($C$3="D",Tablolar!K175, IF($C$3="E",Tablolar!K212, IF($C$3="F",Tablolar!K248, Tablolar!K180)))))), IF(J36="LOKAL", IF($C$3="A",Tablolar!L54, IF($C$3="B",Tablolar!L90, IF(OR($C$3="C",$C$3="Ç"),Tablolar!L139, IF($C$3="D",Tablolar!L175, IF($C$3="E",Tablolar!L212, IF($C$3="F",Tablolar!L248, Tablolar!L284)))))),0)) -> 0
B37: =(IF($C$3=0,"",IF($C$3="A",Tablolar!B55,IF($C$3="B",Tablolar!B91, IF(AND(OR($C$3="C",$C$3="Ç"),$B$3="KAMYONET"),Tablolar!B140, IF($C$3="D",Tablolar!B176, IF($C$3="E",Tablolar!B213, IF($C$3="F",Tablolar!B249,0)))))))) | C37: =(IF($C$3=0,0,VLOOKUP(B37,IF($C$3="A",Tablolar!$B$34:$C$66,IF($C$3="B",Tablolar!$B$70:$C$113, IF(OR($C$3="C",$C$3="Ç"),Tablolar!$B$119:$C$150, IF($C$3="D",Tablolar!$B$155:$C$186, IF($C$3="E",Tablolar!$B$192:$C$223, IF($C$3="F",Tablolar!$B$228:$C$259,Tablolar!$B$264:$C$295)))))),2,FALSE)))*IF(Tablolar!A55=TRUE,1,0) -> 0 | E37: =(IF($C$3=0,"",IF($C$3="A",Tablolar!B55,IF($C$3="B",Tablolar!B91, IF(AND(OR($C$3="C",$C$3="Ç"),$B$3="KAMYONET"),Tablolar!B140, IF($C$3="D",Tablolar!B176, IF($C$3="E",Tablolar!B213, IF($C$3="F",Tablolar!B249,0)))))))) | H37: =IF(AND(Tablolar!D55=TRUE,F37=0),IF(Tablolar!D55=TRUE,VLOOKUP(E37,IF($C$3="A",Tablolar!$E$34:$H$66,IF($C$3="B",Tablolar!$E$70:$H$113,IF(OR($C$3="C",$C$3="Ç"),Tablolar!$E$119:$H$150,IF($C$3="D",Tablolar!$E$155:$H$186,IF($C$3="E",Tablolar!$E$192:$H$223,IF($C$3="F",Tablolar!$E$228:$H$259,Tablolar!$E$264:$H$295)))))),4,FALSE),0),(IF(OR($C$3=0,F37=0),0,VLOOKUP(E37,IF($C$3="A",Tablolar!$E$34:$H$66,IF($C$3="B",Tablolar!$E$70:$H$113,IF(OR($C$3="C",$C$3="Ç"),Tablolar!$E$119:$H$150,IF($C$3="D",Tablolar!$E$155:$H$186,IF($C$3="E",Tablolar!$E$192:$H$223,IF($C$3="F",Tablolar!$E$228:$H$259,Tablolar!$E$264:$H$295)))))),IF(G37/F37<0.15,2,IF(AND(G37/F37>=0.15,G37/F37<0.3),3,IF(G37/F37>=0.3,4,0))),FALSE)))) -> 0 | I37: =(IF($C$3=0,"",IF($C$3="A",Tablolar!B55,IF($C$3="B",Tablolar!B91, IF(AND(OR($C$3="C",$C$3="Ç"),$B$3="KAMYONET"),Tablolar!B140, IF($C$3="D",Tablolar!B176, IF($C$3="E",Tablolar!B213, IF($C$3="F",Tablolar!B249,0)))))))) | K37: =IF(J37="TAM", IF($C$3="A",Tablolar!K55, IF($C$3="B",Tablolar!K91, IF(OR($C$3="C",$C$3="Ç"),Tablolar!K140, IF($C$3="D",Tablolar!K176, IF($C$3="E",Tablolar!K213, IF($C$3="F",Tablolar!K249, Tablolar!K181)))))), IF(J37="LOKAL", IF($C$3="A",Tablolar!L55, IF($C$3="B",Tablolar!L91, IF(OR($C$3="C",$C$3="Ç"),Tablolar!L140, IF($C$3="D",Tablolar!L176, IF($C$3="E",Tablolar!L213, IF($C$3="F",Tablolar!L249, Tablolar!L285)))))),0)) -> 0
B38: =(IF($C$3=0,"",IF($C$3="A",Tablolar!B56,IF($C$3="B",Tablolar!B92, IF(AND(OR($C$3="C",$C$3="Ç"),$B$3="KAMYONET"),Tablolar!B141, IF($C$3="D",Tablolar!B177, IF($C$3="E",Tablolar!B214, IF($C$3="F",Tablolar!B250,0)))))))) | C38: =(IF($C$3=0,0,VLOOKUP(B38,IF($C$3="A",Tablolar!$B$34:$C$66,IF($C$3="B",Tablolar!$B$70:$C$113, IF(OR($C$3="C",$C$3="Ç"),Tablolar!$B$119:$C$150, IF($C$3="D",Tablolar!$B$155:$C$186, IF($C$3="E",Tablolar!$B$192:$C$223, IF($C$3="F",Tablolar!$B$228:$C$259,Tablolar!$B$264:$C$295)))))),2,FALSE)))*IF(Tablolar!A56=TRUE,1,0) -> 0 | E38: =(IF($C$3=0,"",IF($C$3="A",Tablolar!B56,IF($C$3="B",Tablolar!B92, IF(AND(OR($C$3="C",$C$3="Ç"),$B$3="KAMYONET"),Tablolar!B141, IF($C$3="D",Tablolar!B177, IF($C$3="E",Tablolar!B214, IF($C$3="F",Tablolar!B250,0)))))))) | H38: =IF(AND(Tablolar!D56=TRUE,F38=0),IF(Tablolar!D56=TRUE,VLOOKUP(E38,IF($C$3="A",Tablolar!$E$34:$H$66,IF($C$3="B",Tablolar!$E$70:$H$113,IF(OR($C$3="C",$C$3="Ç"),Tablolar!$E$119:$H$150,IF($C$3="D",Tablolar!$E$155:$H$186,IF($C$3="E",Tablolar!$E$192:$H$223,IF($C$3="F",Tablolar!$E$228:$H$259,Tablolar!$E$264:$H$295)))))),4,FALSE),0),(IF(OR($C$3=0,F38=0),0,VLOOKUP(E38,IF($C$3="A",Tablolar!$E$34:$H$66,IF($C$3="B",Tablolar!$E$70:$H$113,IF(OR($C$3="C",$C$3="Ç"),Tablolar!$E$119:$H$150,IF($C$3="D",Tablolar!$E$155:$H$186,IF($C$3="E",Tablolar!$E$192:$H$223,IF($C$3="F",Tablolar!$E$228:$H$259,Tablolar!$E$264:$H$295)))))),IF(G38/F38<0.15,2,IF(AND(G38/F38>=0.15,G38/F38<0.3),3,IF(G38/F38>=0.3,4,0))),FALSE)))) -> 0 | I38: =(IF($C$3=0,"",IF($C$3="A",Tablolar!B56,IF($C$3="B",Tablolar!B92, IF(AND(OR($C$3="C",$C$3="Ç"),$B$3="KAMYONET"),Tablolar!B141, IF($C$3="D",Tablolar!B177, IF($C$3="E",Tablolar!B214, IF($C$3="F",Tablolar!B250,0)))))))) | K38: =IF(J38="TAM", IF($C$3="A",Tablolar!K56, IF($C$3="B",Tablolar!K92, IF(OR($C$3="C",$C$3="Ç"),Tablolar!K141, IF($C$3="D",Tablolar!K177, IF($C$3="E",Tablolar!K214, IF($C$3="F",Tablolar!K250, Tablolar!K182)))))), IF(J38="LOKAL", IF($C$3="A",Tablolar!L56, IF($C$3="B",Tablolar!L92, IF(OR($C$3="C",$C$3="Ç"),Tablolar!L141, IF($C$3="D",Tablolar!L177, IF($C$3="E",Tablolar!L214, IF($C$3="F",Tablolar!L250, Tablolar!L286)))))),0)) -> 0
B39: =(IF($C$3=0,"",IF($C$3="A",Tablolar!B57,IF($C$3="B",Tablolar!B93, IF(AND(OR($C$3="C",$C$3="Ç"),$B$3="KAMYONET"),Tablolar!B142, IF($C$3="D",Tablolar!B178, IF($C$3="E",Tablolar!B215, IF($C$3="F",Tablolar!B251,0)))))))) | C39: =(IF($C$3=0,0,VLOOKUP(B39,IF($C$3="A",Tablolar!$B$34:$C$66,IF($C$3="B",Tablolar!$B$70:$C$113, IF(OR($C$3="C",$C$3="Ç"),Tablolar!$B$119:$C$150, IF($C$3="D",Tablolar!$B$155:$C$186, IF($C$3="E",Tablolar!$B$192:$C$223, IF($C$3="F",Tablolar!$B$228:$C$259,Tablolar!$B$264:$C$295)))))),2,FALSE)))*IF(Tablolar!A57=TRUE,1,0) -> 0 | E39: =(IF($C$3=0,"",IF($C$3="A",Tablolar!B57,IF($C$3="B",Tablolar!B93, IF(AND(OR($C$3="C",$C$3="Ç"),$B$3="KAMYONET"),Tablolar!B142, IF($C$3="D",Tablolar!B178, IF($C$3="E",Tablolar!B215, IF($C$3="F",Tablolar!B251,0)))))))) | H39: =IF(AND(Tablolar!D57=TRUE,F39=0),IF(Tablolar!D57=TRUE,VLOOKUP(E39,IF($C$3="A",Tablolar!$E$34:$H$66,IF($C$3="B",Tablolar!$E$70:$H$113,IF(OR($C$3="C",$C$3="Ç"),Tablolar!$E$119:$H$150,IF($C$3="D",Tablolar!$E$155:$H$186,IF($C$3="E",Tablolar!$E$192:$H$223,IF($C$3="F",Tablolar!$E$228:$H$259,Tablolar!$E$264:$H$295)))))),4,FALSE),0),(IF(OR($C$3=0,F39=0),0,VLOOKUP(E39,IF($C$3="A",Tablolar!$E$34:$H$66,IF($C$3="B",Tablolar!$E$70:$H$113,IF(OR($C$3="C",$C$3="Ç"),Tablolar!$E$119:$H$150,IF($C$3="D",Tablolar!$E$155:$H$186,IF($C$3="E",Tablolar!$E$192:$H$223,IF($C$3="F",Tablolar!$E$228:$H$259,Tablolar!$E$264:$H$295)))))),IF(G39/F39<0.15,2,IF(AND(G39/F39>=0.15,G39/F39<0.3),3,IF(G39/F39>=0.3,4,0))),FALSE)))) -> 0 | I39: =(IF($C$3=0,"",IF($C$3="A",Tablolar!B57,IF($C$3="B",Tablolar!B93, IF(AND(OR($C$3="C",$C$3="Ç"),$B$3="KAMYONET"),Tablolar!B142, IF($C$3="D",Tablolar!B178, IF($C$3="E",Tablolar!B215, IF($C$3="F",Tablolar!B251,0)))))))) | K39: =IF(J39="TAM", IF($C$3="A",Tablolar!K57, IF($C$3="B",Tablolar!K93, IF(OR($C$3="C",$C$3="Ç"),Tablolar!K142, IF($C$3="D",Tablolar!K178, IF($C$3="E",Tablolar!K215, IF($C$3="F",Tablolar!K251, Tablolar!K183)))))), IF(J39="LOKAL", IF($C$3="A",Tablolar!L57, IF($C$3="B",Tablolar!L93, IF(OR($C$3="C",$C$3="Ç"),Tablolar!L142, IF($C$3="D",Tablolar!L178, IF($C$3="E",Tablolar!L215, IF($C$3="F",Tablolar!L251, Tablolar!L287)))))),0)) -> 0
B40: =(IF($C$3=0,"",IF($C$3="A",Tablolar!B264,IF($C$3="B",Tablolar!B94, IF(AND(OR($C$3="C",$C$3="Ç"),$B$3="KAMYONET"),Tablolar!B143, IF($C$3="D",Tablolar!B179, IF($C$3="E",Tablolar!B216, IF($C$3="F",Tablolar!B252,0)))))))) | C40: =(IF($C$3=0,0,VLOOKUP(B40,IF($C$3="A",Tablolar!$B$264:$C$265,IF($C$3="B",Tablolar!$B$70:$C$113, IF(OR($C$3="C",$C$3="Ç"),Tablolar!$B$119:$C$150, IF($C$3="D",Tablolar!$B$155:$C$186, IF($C$3="E",Tablolar!$B$192:$C$223, IF($C$3="F",Tablolar!$B$228:$C$259,Tablolar!$B$264:$C$295)))))),2,FALSE)))*IF(Tablolar!A58=TRUE,1,0) -> 0 | E40: =(IF($C$3=0,"",IF($C$3="A",Tablolar!B264,IF($C$3="B",Tablolar!B94, IF(AND(OR($C$3="C",$C$3="Ç"),$B$3="KAMYONET"),Tablolar!B143, IF($C$3="D",Tablolar!B179, IF($C$3="E",Tablolar!B216, IF($C$3="F",Tablolar!B252,0)))))))) | H40: =IF(AND(Tablolar!D58=TRUE,F40=0),IF(Tablolar!D58=TRUE,VLOOKUP(E40,IF($C$3="A",Tablolar!$E$264:$H$265,IF($C$3="B",Tablolar!$E$70:$H$113,IF(OR($C$3="C",$C$3="Ç"),Tablolar!$E$119:$H$150,IF($C$3="D",Tablolar!$E$155:$H$186,IF($C$3="E",Tablolar!$E$192:$H$223,IF($C$3="F",Tablolar!$E$228:$H$259,Tablolar!$E$264:$H$295)))))),4,FALSE),0),(IF(OR($C$3=0,F40=0),0,VLOOKUP(E40,IF($C$3="A",Tablolar!$E$264:$H$265,IF($C$3="B",Tablolar!$E$70:$H$113,IF(OR($C$3="C",$C$3="Ç"),Tablolar!$E$119:$H$150,IF($C$3="D",Tablolar!$E$155:$H$186,IF($C$3="E",Tablolar!$E$192:$H$223,IF($C$3="F",Tablolar!$E$228:$H$259,Tablolar!$E$264:$H$295)))))),IF(G40/F40<0.15,2,IF(AND(G40/F40>=0.15,G40/F40<0.3),3,IF(G40/F40>=0.3,4,0))),FALSE)))) -> 0 | I40: =(IF($C$3=0,"",IF($C$3="A",Tablolar!B264,IF($C$3="B",Tablolar!B94, IF(AND(OR($C$3="C",$C$3="Ç"),$B$3="KAMYONET"),Tablolar!B143, IF($C$3="D",Tablolar!B179, IF($C$3="E",Tablolar!B216, IF($C$3="F",Tablolar!B252,0)))))))) | K40: =IF(J40="TAM", IF($C$3="A",Tablolar!K264, IF($C$3="B",Tablolar!K94, IF(OR($C$3="C",$C$3="Ç"),Tablolar!K143, IF($C$3="D",Tablolar!K179, IF($C$3="E",Tablolar!K216, IF($C$3="F",Tablolar!K252, Tablolar!K184)))))), IF(J40="LOKAL", IF($C$3="A",Tablolar!L264, IF($C$3="B",Tablolar!L94, IF(OR($C$3="C",$C$3="Ç"),Tablolar!L143, IF($C$3="D",Tablolar!L179, IF($C$3="E",Tablolar!L216, IF($C$3="F",Tablolar!L252, Tablolar!L288)))))),0)) -> 0
B41: =(IF($C$3=0,"",IF($C$3="A",Tablolar!B265,IF($C$3="B",Tablolar!B95, IF(AND(OR($C$3="C",$C$3="Ç"),$B$3="KAMYONET"),Tablolar!B144, IF(OR($C$3="C",$C$3="Ç"),Tablolar!B147, IF($C$3="D",Tablolar!B180, IF($C$3="E",Tablolar!B217, IF($C$3="F",Tablolar!B253,0))))))))) | C41: =(IF($C$3=0,0,VLOOKUP(B41,IF($C$3="A",Tablolar!$B$264:$C$265,IF($C$3="B",Tablolar!$B$70:$C$113, IF(OR($C$3="C",$C$3="Ç"),Tablolar!$B$119:$C$150, IF($C$3="D",Tablolar!$B$155:$C$186, IF($C$3="E",Tablolar!$B$192:$C$223, IF($C$3="F",Tablolar!$B$228:$C$259,Tablolar!$B$264:$C$295)))))),2,FALSE)))*IF(Tablolar!A59=TRUE,1,0) -> 0 | E41: =(IF($C$3=0,"",IF($C$3="A",Tablolar!B265,IF($C$3="B",Tablolar!B95, IF(AND(OR($C$3="C",$C$3="Ç"),$B$3="KAMYONET"),Tablolar!B144, IF(OR($C$3="C",$C$3="Ç"),Tablolar!B147, IF($C$3="D",Tablolar!B180, IF($C$3="E",Tablolar!B217, IF($C$3="F",Tablolar!B253,0))))))))) | H41: =IF(AND(Tablolar!D59=TRUE,F41=0),IF(Tablolar!D59=TRUE,VLOOKUP(E41,IF($C$3="A",Tablolar!$E$264:$H$265,IF($C$3="B",Tablolar!$E$70:$H$113,IF(OR($C$3="C",$C$3="Ç"),Tablolar!$E$119:$H$150,IF($C$3="D",Tablolar!$E$155:$H$186,IF($C$3="E",Tablolar!$E$192:$H$223,IF($C$3="F",Tablolar!$E$228:$H$259,Tablolar!$E$264:$H$295)))))),4,FALSE),0),(IF(OR($C$3=0,F41=0),0,VLOOKUP(E41,IF($C$3="A",Tablolar!$E$264:$H$265,IF($C$3="B",Tablolar!$E$70:$H$113,IF(OR($C$3="C",$C$3="Ç"),Tablolar!$E$119:$H$150,IF($C$3="D",Tablolar!$E$155:$H$186,IF($C$3="E",Tablolar!$E$192:$H$223,IF($C$3="F",Tablolar!$E$228:$H$259,Tablolar!$E$264:$H$295)))))),IF(G41/F41<0.15,2,IF(AND(G41/F41>=0.15,G41/F41<0.3),3,IF(G41/F41>=0.3,4,0))),FALSE)))) -> 0 | I41: =(IF($C$3=0,"",IF($C$3="A",Tablolar!B265,IF($C$3="B",Tablolar!B95, IF(AND(OR($C$3="C",$C$3="Ç"),$B$3="KAMYONET"),Tablolar!B144, IF(OR($C$3="C",$C$3="Ç"),Tablolar!B147, IF($C$3="D",Tablolar!B180, IF($C$3="E",Tablolar!B217, IF($C$3="F",Tablolar!B253,0))))))))) | K41: =IF(J41="TAM", IF($C$3="A",Tablolar!K265, IF($C$3="B",Tablolar!K95, IF(OR($C$3="C",$C$3="Ç"),Tablolar!K144, IF($C$3="D",Tablolar!K180, IF($C$3="E",Tablolar!K217, IF($C$3="F",Tablolar!K253, Tablolar!K185)))))), IF(J41="LOKAL", IF($C$3="A",Tablolar!L265, IF($C$3="B",Tablolar!L95, IF(OR($C$3="C",$C$3="Ç"),Tablolar!L144, IF($C$3="D",Tablolar!L180, IF($C$3="E",Tablolar!L217, IF($C$3="F",Tablolar!L253, Tablolar!L289)))))),0)) -> 0
B42: =(IF($C$3=0,"",IF($C$3="A",Tablolar!B58,IF($C$3="B",Tablolar!B96, IF(AND(OR($C$3="C",$C$3="Ç"),$B$3="KAMYONET"),Tablolar!B145, IF(OR($C$3="C",$C$3="Ç"),Tablolar!B147, IF($C$3="D",Tablolar!B181, IF($C$3="E",Tablolar!B218, IF($C$3="F",Tablolar!B254,0))))))))) | C42: =(IF($C$3=0,0,VLOOKUP(B42,IF($C$3="A",Tablolar!$B$34:$C$66,IF($C$3="B",Tablolar!$B$70:$C$113, IF(OR($C$3="C",$C$3="Ç"),Tablolar!$B$119:$C$150, IF($C$3="D",Tablolar!$B$155:$C$186, IF($C$3="E",Tablolar!$B$192:$C$223, IF($C$3="F",Tablolar!$B$228:$C$259,Tablolar!$B$264:$C$295)))))),2,FALSE)))*IF(Tablolar!A60=TRUE,1,0) -> 0 | E42: =(IF($C$3=0,"",IF($C$3="A",Tablolar!B58,IF($C$3="B",Tablolar!B96, IF(AND(OR($C$3="C",$C$3="Ç"),$B$3="KAMYONET"),Tablolar!B145, IF(OR($C$3="C",$C$3="Ç"),Tablolar!B147, IF($C$3="D",Tablolar!B181, IF($C$3="E",Tablolar!B218, IF($C$3="F",Tablolar!B254,0))))))))) | H42: =IF(AND(Tablolar!D60=TRUE,F42=0),IF(Tablolar!D60=TRUE,VLOOKUP(E42,IF($C$3="A",Tablolar!$E$34:$H$66,IF($C$3="B",Tablolar!$E$70:$H$113,IF(OR($C$3="C",$C$3="Ç"),Tablolar!$E$119:$H$150,IF($C$3="D",Tablolar!$E$155:$H$186,IF($C$3="E",Tablolar!$E$192:$H$223,IF($C$3="F",Tablolar!$E$228:$H$259,Tablolar!$E$264:$H$295)))))),4,FALSE),0),(IF(OR($C$3=0,F42=0),0,VLOOKUP(E42,IF($C$3="A",Tablolar!$E$34:$H$66,IF($C$3="B",Tablolar!$E$70:$H$113,IF(OR($C$3="C",$C$3="Ç"),Tablolar!$E$119:$H$150,IF($C$3="D",Tablolar!$E$155:$H$186,IF($C$3="E",Tablolar!$E$192:$H$223,IF($C$3="F",Tablolar!$E$228:$H$259,Tablolar!$E$264:$H$295)))))),IF(G42/F42<0.15,2,IF(AND(G42/F42>=0.15,G42/F42<0.3),3,IF(G42/F42>=0.3,4,0))),FALSE)))) -> 0 | I42: =(IF($C$3=0,"",IF($C$3="A",Tablolar!B58,IF($C$3="B",Tablolar!B96, IF(AND(OR($C$3="C",$C$3="Ç"),$B$3="KAMYONET"),Tablolar!B145, IF(OR($C$3="C",$C$3="Ç"),Tablolar!B147, IF($C$3="D",Tablolar!B181, IF($C$3="E",Tablolar!B218, IF($C$3="F",Tablolar!B254,0))))))))) | K42: =IF(J42="TAM", IF($C$3="A",Tablolar!K58, IF($C$3="B",Tablolar!K96, IF(OR($C$3="C",$C$3="Ç"),Tablolar!K145, IF($C$3="D",Tablolar!K181, IF($C$3="E",Tablolar!K218, IF($C$3="F",Tablolar!K254, Tablolar!K186)))))), IF(J42="LOKAL", IF($C$3="A",Tablolar!L58, IF($C$3="B",Tablolar!L96, IF(OR($C$3="C",$C$3="Ç"),Tablolar!L145, IF($C$3="D",Tablolar!L181, IF($C$3="E",Tablolar!L218, IF($C$3="F",Tablolar!L254, Tablolar!L290)))))),0)) -> 0
B43: =(IF($C$3=0,"",IF($C$3="A",Tablolar!B59,IF($C$3="B",Tablolar!B97, IF(AND(OR($C$3="C",$C$3="Ç"),$B$3="KAMYONET"),Tablolar!B146, IF(OR($C$3="C",$C$3="Ç"),Tablolar!B147, IF($C$3="D",Tablolar!B182, IF($C$3="E",Tablolar!B219, IF($C$3="F",Tablolar!B255,0))))))))) | C43: =(IF($C$3=0,0,VLOOKUP(B43,IF($C$3="A",Tablolar!$B$34:$C$66,IF($C$3="B",Tablolar!$B$70:$C$113, IF(OR($C$3="C",$C$3="Ç"),Tablolar!$B$119:$C$150, IF($C$3="D",Tablolar!$B$155:$C$186, IF($C$3="E",Tablolar!$B$192:$C$223, IF($C$3="F",Tablolar!$B$228:$C$259,Tablolar!$B$264:$C$295)))))),2,FALSE)))*IF(Tablolar!A61=TRUE,1,0) -> 0 | E43: =(IF($C$3=0,"",IF($C$3="A",Tablolar!B59,IF($C$3="B",Tablolar!B97, IF(AND(OR($C$3="C",$C$3="Ç"),$B$3="KAMYONET"),Tablolar!B146, IF($C$3="D",Tablolar!B182, IF($C$3="E",Tablolar!B219, IF($C$3="F",Tablolar!B255,0)))))))) | H43: =IF(AND(Tablolar!D61=TRUE,F43=0),IF(Tablolar!D61=TRUE,VLOOKUP(E43,IF($C$3="A",Tablolar!$E$34:$H$66,IF($C$3="B",Tablolar!$E$70:$H$113,IF(OR($C$3="C",$C$3="Ç"),Tablolar!$E$119:$H$150,IF($C$3="D",Tablolar!$E$155:$H$186,IF($C$3="E",Tablolar!$E$192:$H$223,IF($C$3="F",Tablolar!$E$228:$H$259,Tablolar!$E$264:$H$295)))))),4,FALSE),0),(IF(OR($C$3=0,F43=0),0,VLOOKUP(E43,IF($C$3="A",Tablolar!$E$34:$H$66,IF($C$3="B",Tablolar!$E$70:$H$113,IF(OR($C$3="C",$C$3="Ç"),Tablolar!$E$119:$H$150,IF($C$3="D",Tablolar!$E$155:$H$186,IF($C$3="E",Tablolar!$E$192:$H$223,IF($C$3="F",Tablolar!$E$228:$H$259,Tablolar!$E$264:$H$295)))))),IF(G43/F43<0.15,2,IF(AND(G43/F43>=0.15,G43/F43<0.3),3,IF(G43/F43>=0.3,4,0))),FALSE)))) -> 0 | I43: =(IF($C$3=0,"",IF($C$3="A",Tablolar!B59,IF($C$3="B",Tablolar!B97, IF(AND(OR($C$3="C",$C$3="Ç"),$B$3="KAMYONET"),Tablolar!B146, IF($C$3="D",Tablolar!B182, IF($C$3="E",Tablolar!B219, IF($C$3="F",Tablolar!B255,0)))))))) | K43: =IF(J43="TAM", IF($C$3="A",Tablolar!K59, IF($C$3="B",Tablolar!K97, IF(OR($C$3="C",$C$3="Ç"),Tablolar!K146, IF($C$3="D",Tablolar!K182, IF($C$3="E",Tablolar!K219, IF($C$3="F",Tablolar!K255, Tablolar!K189)))))), IF(J43="LOKAL", IF($C$3="A",Tablolar!L59, IF($C$3="B",Tablolar!L97, IF(OR($C$3="C",$C$3="Ç"),Tablolar!L146, IF($C$3="D",Tablolar!L182, IF($C$3="E",Tablolar!L219, IF($C$3="F",Tablolar!L255, Tablolar!L291)))))),0)) -> 0
B44: =(IF($C$3=0,"",IF($C$3="A",Tablolar!B60,IF($C$3="B",Tablolar!B98, IF(OR($C$3="C",$C$3="Ç"),Tablolar!B147, IF($C$3="D",Tablolar!B183, IF($C$3="E",Tablolar!B220, IF($C$3="F",Tablolar!B256,0)))))))) | C44: =(IF($C$3=0,0,VLOOKUP(B44,IF($C$3="A",Tablolar!$B$34:$C$66,IF($C$3="B",Tablolar!$B$70:$C$113, IF(OR($C$3="C",$C$3="Ç"),Tablolar!$B$119:$C$150, IF($C$3="D",Tablolar!$B$155:$C$186, IF($C$3="E",Tablolar!$B$192:$C$223, IF($C$3="F",Tablolar!$B$228:$C$259,Tablolar!$B$264:$C$295)))))),2,FALSE)))*IF(Tablolar!A62=TRUE,1,0) -> 0 | E44: =(IF($C$3=0,"",IF($C$3="A",Tablolar!B60,IF($C$3="B",Tablolar!B98, IF(OR($C$3="C",$C$3="Ç"),Tablolar!B147, IF($C$3="D",Tablolar!B183, IF($C$3="E",Tablolar!B220, IF($C$3="F",Tablolar!B256,0)))))))) | H44: =IF(AND(Tablolar!D62=TRUE,F44=0),IF(Tablolar!D62=TRUE,VLOOKUP(E44,IF($C$3="A",Tablolar!$E$34:$H$66,IF($C$3="B",Tablolar!$E$70:$H$113,IF(OR($C$3="C",$C$3="Ç"),Tablolar!$E$119:$H$150,IF($C$3="D",Tablolar!$E$155:$H$186,IF($C$3="E",Tablolar!$E$192:$H$223,IF($C$3="F",Tablolar!$E$228:$H$259,Tablolar!$E$264:$H$295)))))),4,FALSE),0),(IF(OR($C$3=0,F44=0),0,VLOOKUP(E44,IF($C$3="A",Tablolar!$E$34:$H$66,IF($C$3="B",Tablolar!$E$70:$H$113,IF(OR($C$3="C",$C$3="Ç"),Tablolar!$E$119:$H$150,IF($C$3="D",Tablolar!$E$155:$H$186,IF($C$3="E",Tablolar!$E$192:$H$223,IF($C$3="F",Tablolar!$E$228:$H$259,Tablolar!$E$264:$H$295)))))),IF(G44/F44<0.15,2,IF(AND(G44/F44>=0.15,G44/F44<0.3),3,IF(G44/F44>=0.3,4,0))),FALSE)))) -> 0 | I44: =(IF($C$3=0,"",IF($C$3="A",Tablolar!B60,IF($C$3="B",Tablolar!B98, IF(OR($C$3="C",$C$3="Ç"),Tablolar!B147, IF($C$3="D",Tablolar!B183, IF($C$3="E",Tablolar!B220, IF($C$3="F",Tablolar!B256,0)))))))) | K44: =IF(J44="TAM", IF($C$3="A",Tablolar!K60, IF($C$3="B",Tablolar!K98, IF(OR($C$3="C",$C$3="Ç"),Tablolar!K135, IF($C$3="D",Tablolar!K171, IF($C$3="E",Tablolar!K208, IF($C$3="F",Tablolar!K244, Tablolar!K176)))))), IF(J44="LOKAL", IF($C$3="A",Tablolar!L60, IF($C$3="B",Tablolar!L98, IF(OR($C$3="C",$C$3="Ç"),Tablolar!L135, IF($C$3="D",Tablolar!L171, IF($C$3="E",Tablolar!L208, IF($C$3="F",Tablolar!L244, Tablolar!L280)))))),0)) -> 0
B45: =(IF($C$3=0,"",IF($C$3="A",Tablolar!B61,IF($C$3="B",Tablolar!B99, IF(OR($C$3="C",$C$3="Ç"),Tablolar!B148, IF($C$3="D",Tablolar!B184, IF($C$3="E",Tablolar!B221, IF($C$3="F",Tablolar!B257,0)))))))) | C45: =(IF($C$3=0,0,VLOOKUP(B45,IF($C$3="A",Tablolar!$B$34:$C$66,IF($C$3="B",Tablolar!$B$70:$C$113, IF(OR($C$3="C",$C$3="Ç"),Tablolar!$B$119:$C$150, IF($C$3="D",Tablolar!$B$155:$C$186, IF($C$3="E",Tablolar!$B$192:$C$223, IF($C$3="F",Tablolar!$B$228:$C$259,Tablolar!$B$264:$C$295)))))),2,FALSE)))*IF(Tablolar!A63=TRUE,1,0) -> 0 | E45: =(IF($C$3=0,"",IF($C$3="A",Tablolar!B61,IF($C$3="B",Tablolar!B99, IF(OR($C$3="C",$C$3="Ç"),Tablolar!B148, IF($C$3="D",Tablolar!B184, IF($C$3="E",Tablolar!B221, IF($C$3="F",Tablolar!B257,0)))))))) | H45: =IF(AND(Tablolar!D63=TRUE,F45=0),IF(Tablolar!D63=TRUE,VLOOKUP(E45,IF($C$3="A",Tablolar!$E$34:$H$66,IF($C$3="B",Tablolar!$E$70:$H$113,IF(OR($C$3="C",$C$3="Ç"),Tablolar!$E$119:$H$150,IF($C$3="D",Tablolar!$E$155:$H$186,IF($C$3="E",Tablolar!$E$192:$H$223,IF($C$3="F",Tablolar!$E$228:$H$259,Tablolar!$E$264:$H$295)))))),4,FALSE),0),(IF(OR($C$3=0,F45=0),0,VLOOKUP(E45,IF($C$3="A",Tablolar!$E$34:$H$66,IF($C$3="B",Tablolar!$E$70:$H$113,IF(OR($C$3="C",$C$3="Ç"),Tablolar!$E$119:$H$150,IF($C$3="D",Tablolar!$E$155:$H$186,IF($C$3="E",Tablolar!$E$192:$H$223,IF($C$3="F",Tablolar!$E$228:$H$259,Tablolar!$E$264:$H$295)))))),IF(G45/F45<0.15,2,IF(AND(G45/F45>=0.15,G45/F45<0.3),3,IF(G45/F45>=0.3,4,0))),FALSE)))) -> 0 | I45: =(IF($C$3=0,"",IF($C$3="A",Tablolar!B61,IF($C$3="B",Tablolar!B99, IF(OR($C$3="C",$C$3="Ç"),Tablolar!B148, IF($C$3="D",Tablolar!B184, IF($C$3="E",Tablolar!B221, IF($C$3="F",Tablolar!B257,0)))))))) | K45: =IF(J45="TAM", IF($C$3="A",Tablolar!K61, IF($C$3="B",Tablolar!K99, IF(OR($C$3="C",$C$3="Ç"),Tablolar!K136, IF($C$3="D",Tablolar!K172, IF($C$3="E",Tablolar!K209, IF($C$3="F",Tablolar!K245, Tablolar!K177)))))), IF(J45="LOKAL", IF($C$3="A",Tablolar!L61, IF($C$3="B",Tablolar!L99, IF(OR($C$3="C",$C$3="Ç"),Tablolar!L136, IF($C$3="D",Tablolar!L172, IF($C$3="E",Tablolar!L209, IF($C$3="F",Tablolar!L245, Tablolar!L281)))))),0)) -> 0
B46: =(IF($C$3=0,"",IF($C$3="A",Tablolar!B62,IF($C$3="B",Tablolar!B100, IF(OR($C$3="C",$C$3="Ç"),Tablolar!B149, IF($C$3="D",Tablolar!B185, IF($C$3="E",Tablolar!B222, IF($C$3="F",Tablolar!B258,0)))))))) | C46: =(IF($C$3=0,0,VLOOKUP(B46,IF($C$3="A",Tablolar!$B$34:$C$66,IF($C$3="B",Tablolar!$B$70:$C$113, IF(OR($C$3="C",$C$3="Ç"),Tablolar!$B$119:$C$150, IF($C$3="D",Tablolar!$B$155:$C$186, IF($C$3="E",Tablolar!$B$192:$C$223, IF($C$3="F",Tablolar!$B$228:$C$259,Tablolar!$B$264:$C$295)))))),2,FALSE)))*IF(Tablolar!A64=TRUE,1,0) -> 0 | E46: =(IF($C$3=0,"",IF($C$3="A",Tablolar!B62,IF($C$3="B",Tablolar!B100, IF(OR($C$3="C",$C$3="Ç"),Tablolar!B149, IF($C$3="D",Tablolar!B185, IF($C$3="E",Tablolar!B222, IF($C$3="F",Tablolar!B258,0)))))))) | H46: =IF(AND(Tablolar!D64=TRUE,F46=0),IF(Tablolar!D64=TRUE,VLOOKUP(E46,IF($C$3="A",Tablolar!$E$34:$H$66,IF($C$3="B",Tablolar!$E$70:$H$113,IF(OR($C$3="C",$C$3="Ç"),Tablolar!$E$119:$H$150,IF($C$3="D",Tablolar!$E$155:$H$186,IF($C$3="E",Tablolar!$E$192:$H$223,IF($C$3="F",Tablolar!$E$228:$H$259,Tablolar!$E$264:$H$295)))))),4,FALSE),0),(IF(OR($C$3=0,F46=0),0,VLOOKUP(E46,IF($C$3="A",Tablolar!$E$34:$H$66,IF($C$3="B",Tablolar!$E$70:$H$113,IF(OR($C$3="C",$C$3="Ç"),Tablolar!$E$119:$H$150,IF($C$3="D",Tablolar!$E$155:$H$186,IF($C$3="E",Tablolar!$E$192:$H$223,IF($C$3="F",Tablolar!$E$228:$H$259,Tablolar!$E$264:$H$295)))))),IF(G46/F46<0.15,2,IF(AND(G46/F46>=0.15,G46/F46<0.3),3,IF(G46/F46>=0.3,4,0))),FALSE)))) -> 0 | I46: =(IF($C$3=0,"",IF($C$3="A",Tablolar!B62,IF($C$3="B",Tablolar!B100, IF(OR($C$3="C",$C$3="Ç"),Tablolar!B149, IF($C$3="D",Tablolar!B185, IF($C$3="E",Tablolar!B222, IF($C$3="F",Tablolar!B258,0)))))))) | K46: =IF(J46="TAM", IF($C$3="A",Tablolar!K62, IF($C$3="B",Tablolar!K100, IF(OR($C$3="C",$C$3="Ç"),Tablolar!K137, IF($C$3="D",Tablolar!K173, IF($C$3="E",Tablolar!K210, IF($C$3="F",Tablolar!K246, Tablolar!K178)))))), IF(J46="LOKAL", IF($C$3="A",Tablolar!L62, IF($C$3="B",Tablolar!L100, IF(OR($C$3="C",$C$3="Ç"),Tablolar!L137, IF($C$3="D",Tablolar!L173, IF($C$3="E",Tablolar!L210, IF($C$3="F",Tablolar!L246, Tablolar!L282)))))),0)) -> 0
B47: =(IF($C$3=0,"",IF($C$3="A",Tablolar!B63,IF($C$3="B",Tablolar!B101, IF(OR($C$3="C",$C$3="Ç"),Tablolar!B150, IF($C$3="D",Tablolar!B186, IF($C$3="E",Tablolar!B223, IF($C$3="F",Tablolar!B259,0)))))))) | C47: =(IF($C$3=0,0,VLOOKUP(B47,IF($C$3="A",Tablolar!$B$34:$C$66,IF($C$3="B",Tablolar!$B$70:$C$113, IF(OR($C$3="C",$C$3="Ç"),Tablolar!$B$119:$C$150, IF($C$3="D",Tablolar!$B$155:$C$186, IF($C$3="E",Tablolar!$B$192:$C$223, IF($C$3="F",Tablolar!$B$228:$C$259,Tablolar!$B$264:$C$295)))))),2,FALSE)))*IF(Tablolar!A65=TRUE,1,0) -> 0 | E47: =(IF($C$3=0,"",IF($C$3="A",Tablolar!B63,IF($C$3="B",Tablolar!B101, IF(OR($C$3="C",$C$3="Ç"),Tablolar!B150, IF($C$3="D",Tablolar!B186, IF($C$3="E",Tablolar!B223, IF($C$3="F",Tablolar!B259,0)))))))) | H47: =IF(AND(Tablolar!D65=TRUE,F47=0),IF(Tablolar!D65=TRUE,VLOOKUP(E47,IF($C$3="A",Tablolar!$E$34:$H$66,IF($C$3="B",Tablolar!$E$70:$H$113,IF(OR($C$3="C",$C$3="Ç"),Tablolar!$E$119:$H$150,IF($C$3="D",Tablolar!$E$155:$H$186,IF($C$3="E",Tablolar!$E$192:$H$223,IF($C$3="F",Tablolar!$E$228:$H$259,Tablolar!$E$264:$H$295)))))),4,FALSE),0),(IF(OR($C$3=0,F47=0),0,VLOOKUP(E47,IF($C$3="A",Tablolar!$E$34:$H$66,IF($C$3="B",Tablolar!$E$70:$H$113,IF(OR($C$3="C",$C$3="Ç"),Tablolar!$E$119:$H$150,IF($C$3="D",Tablolar!$E$155:$H$186,IF($C$3="E",Tablolar!$E$192:$H$223,IF($C$3="F",Tablolar!$E$228:$H$259,Tablolar!$E$264:$H$295)))))),IF(G47/F47<0.15,2,IF(AND(G47/F47>=0.15,G47/F47<0.3),3,IF(G47/F47>=0.3,4,0))),FALSE)))) -> 0 | I47: =(IF($C$3=0,"",IF($C$3="A",Tablolar!B63,IF($C$3="B",Tablolar!B101, IF(OR($C$3="C",$C$3="Ç"),Tablolar!B150, IF($C$3="D",Tablolar!B186, IF($C$3="E",Tablolar!B223, IF($C$3="F",Tablolar!B259,0)))))))) | K47: =IF(J47="TAM", IF($C$3="A",Tablolar!K63, IF($C$3="B",Tablolar!K101, IF(OR($C$3="C",$C$3="Ç"),Tablolar!K138, IF($C$3="D",Tablolar!K174, IF($C$3="E",Tablolar!K211, IF($C$3="F",Tablolar!K247, Tablolar!K179)))))), IF(J47="LOKAL", IF($C$3="A",Tablolar!L63, IF($C$3="B",Tablolar!L101, IF(OR($C$3="C",$C$3="Ç"),Tablolar!L138, IF($C$3="D",Tablolar!L174, IF($C$3="E",Tablolar!L211, IF($C$3="F",Tablolar!L247, Tablolar!L283)))))),0)) -> 0
B48: =(IF($C$3=0,"",IF($C$3="A",Tablolar!B64,IF($C$3="B",Tablolar!B102, IF(OR($C$3="C",$C$3="Ç"),Tablolar!B151, IF($C$3="D",Tablolar!B187, IF($C$3="E",Tablolar!B224, IF($C$3="F",Tablolar!B260,0)))))))) | C48: =(IF($C$3=0,0,VLOOKUP(B48,IF($C$3="A",Tablolar!$B$34:$C$66,IF($C$3="B",Tablolar!$B$70:$C$113, IF(OR($C$3="C",$C$3="Ç"),Tablolar!$B$119:$C$150, IF($C$3="D",Tablolar!$B$155:$C$189, IF($C$3="E",Tablolar!$B$192:$C$223, IF($C$3="F",Tablolar!$B$228:$C$259,Tablolar!$B$264:$C$295)))))),2,FALSE)))*IF(Tablolar!A66=TRUE,1,0) -> 0 | E48: =(IF($C$3=0,"",IF($C$3="A",Tablolar!B$64,IF($C$3="B",Tablolar!B102, IF(OR($C$3="C",$C$3="Ç"),Tablolar!B151, IF($C$3="D",Tablolar!B187, IF($C$3="E",Tablolar!B224, IF($C$3="F",Tablolar!B260,0)))))))) | H48: =IF(AND(Tablolar!D66=TRUE,F48=0),IF(Tablolar!D66=TRUE,VLOOKUP(E48,IF($C$3="A",Tablolar!$E$192:$H$223,IF($C$3="B",Tablolar!$E$70:$H$113,IF(OR($C$3="C",$C$3="Ç"),Tablolar!$E$119:$H$150,IF($C$3="D",Tablolar!$E$155:$H$186,IF($C$3="E",Tablolar!$E$192:$H$223,IF($C$3="F",Tablolar!$E$228:$H$259,Tablolar!$E$264:$H$295)))))),4,FALSE),0),(IF(OR($C$3=0,F48=0),0,VLOOKUP(E48,IF($C$3="A",Tablolar!$E$34:$H$66,IF($C$3="B",Tablolar!$E$70:$H$113,IF(OR($C$3="C",$C$3="Ç"),Tablolar!$E$119:$H$150,IF($C$3="D",Tablolar!$E$155:$H$186,IF($C$3="E",Tablolar!$E$192:$H$223,IF($C$3="F",Tablolar!$E$228:$H$259,Tablolar!$E$264:$H$295)))))),IF(G48/F48<0.15,2,IF(AND(G48/F48>=0.15,G48/F48<0.3),3,IF(G48/F48>=0.3,4,0))),FALSE)))) -> 0 | I48: =(IF($C$3=0,"",IF($C$3="A",Tablolar!B$64,IF($C$3="B",Tablolar!B102, IF(OR($C$3="C",$C$3="Ç"),Tablolar!B151, IF($C$3="D",Tablolar!B187, IF($C$3="E",Tablolar!B224, IF($C$3="F",Tablolar!B260,0)))))))) | K48: =IF(J48="TAM", IF($C$3="A",Tablolar!K64, IF($C$3="B",Tablolar!K102, IF(OR($C$3="C",$C$3="Ç"),Tablolar!K139, IF($C$3="D",Tablolar!K175, IF($C$3="E",Tablolar!K212, IF($C$3="F",Tablolar!K248, Tablolar!K180)))))), IF(J48="LOKAL", IF($C$3="A",Tablolar!L64, IF($C$3="B",Tablolar!L102, IF(OR($C$3="C",$C$3="Ç"),Tablolar!L139, IF($C$3="D",Tablolar!L175, IF($C$3="E",Tablolar!L212, IF($C$3="F",Tablolar!L248, Tablolar!L284)))))),0)) -> 0
B49: =(IF($C$3=0,"",IF($C$3="A",Tablolar!B65,IF($C$3="B",Tablolar!B103, IF(OR($C$3="C",$C$3="Ç"),Tablolar!B152, IF($C$3="D",Tablolar!B188, IF($C$3="E",Tablolar!B225, IF($C$3="F",Tablolar!B261,0)))))))) | C49: =(IF($C$3=0,0,VLOOKUP(B49,IF($C$3="A",Tablolar!$B$34:$C$66,IF($C$3="B",Tablolar!$B$70:$C$113, IF(OR($C$3="C",$C$3="Ç"),Tablolar!$B$119:$C$150, IF($C$3="D",Tablolar!$B$155:$C$189, IF($C$3="E",Tablolar!$B$192:$C$223, IF($C$3="F",Tablolar!$B$228:$C$259,Tablolar!$B$264:$C$295)))))),2,FALSE)))*IF(Tablolar!A67=TRUE,1,0) -> 0 | E49: =(IF($C$3=0,"",IF($C$3="A",Tablolar!B$65,IF($C$3="B",Tablolar!B103, IF(OR($C$3="C",$C$3="Ç"),Tablolar!B152, IF($C$3="D",Tablolar!B188, IF($C$3="E",Tablolar!B225, IF($C$3="F",Tablolar!B261,0)))))))) | H49: =IF(AND(Tablolar!D67=TRUE,F49=0),IF(Tablolar!D67=TRUE,VLOOKUP(E49,IF($C$3="A",Tablolar!$E$192:$H$223,IF($C$3="B",Tablolar!$E$70:$H$113,IF(OR($C$3="C",$C$3="Ç"),Tablolar!$E$119:$H$150,IF($C$3="D",Tablolar!$E$155:$H$186,IF($C$3="E",Tablolar!$E$192:$H$223,IF($C$3="F",Tablolar!$E$228:$H$259,Tablolar!$E$266:$H$295)))))),4,FALSE),0),(IF(OR($C$3=0,F49=0),0,VLOOKUP(E49,IF($C$3="A",Tablolar!$E$34:$H$66,IF($C$3="B",Tablolar!$E$70:$H$113,IF(OR($C$3="C",$C$3="Ç"),Tablolar!$E$119:$H$150,IF($C$3="D",Tablolar!$E$155:$H$186,IF($C$3="E",Tablolar!$E$192:$H$223,IF($C$3="F",Tablolar!$E$228:$H$259,Tablolar!$E$264:$H$295)))))),IF(G49/F49<0.15,2,IF(AND(G49/F49>=0.15,G49/F49<0.3),3,IF(G49/F49>=0.3,4,0))),FALSE)))) -> 0 | I49: =(IF($C$3=0,"",IF($C$3="A",Tablolar!B$65,IF($C$3="B",Tablolar!B103, IF(OR($C$3="C",$C$3="Ç"),Tablolar!B152, IF($C$3="D",Tablolar!B188, IF($C$3="E",Tablolar!B225, IF($C$3="F",Tablolar!B261,0)))))))) | K49: =IF(J49="TAM", IF($C$3="A",Tablolar!K65, IF($C$3="B",Tablolar!K103, IF(OR($C$3="C",$C$3="Ç"),Tablolar!K140, IF($C$3="D",Tablolar!K176, IF($C$3="E",Tablolar!K213, IF($C$3="F",Tablolar!K249, Tablolar!K181)))))), IF(J49="LOKAL", IF($C$3="A",Tablolar!L65, IF($C$3="B",Tablolar!L103, IF(OR($C$3="C",$C$3="Ç"),Tablolar!L140, IF($C$3="D",Tablolar!L176, IF($C$3="E",Tablolar!L213, IF($C$3="F",Tablolar!L249, Tablolar!L285)))))),0)) -> 0
B50: =(IF($C$3=0,"",IF($C$3="A",Tablolar!B$66,IF($C$3="B",Tablolar!B104, IF(OR($C$3="C",$C$3="Ç"),Tablolar!B$152, IF($C$3="D",Tablolar!B189, IF($C$3="E",Tablolar!B$225, IF($C$3="F",Tablolar!B$261,0)))))))) | C50: =(IF($C$3=0,0,VLOOKUP(B50,IF($C$3="A",Tablolar!$B$34:$C$66,IF($C$3="B",Tablolar!$B$70:$C$113, IF(OR($C$3="C",$C$3="Ç"),Tablolar!$B$119:$C$150, IF($C$3="D",Tablolar!$B$155:$C$189, IF($C$3="E",Tablolar!$B$192:$C$223, IF($C$3="F",Tablolar!$B$228:$C$259,Tablolar!$B$264:$C$295)))))),2,FALSE)))*IF(Tablolar!A68=TRUE,1,0) -> 0 | E50: =(IF($C$3=0,"",IF($C$3="A",Tablolar!B$67,IF($C$3="B",Tablolar!B104, IF(OR($C$3="C",$C$3="Ç"),Tablolar!B$152, IF($C$3="D",Tablolar!B189, IF($C$3="E",Tablolar!B$225, IF($C$3="F",Tablolar!B$261,0)))))))) | H50: =IF(AND(Tablolar!D68=TRUE,F50=0),IF(Tablolar!D68=TRUE,VLOOKUP(E50,IF($C$3="A",Tablolar!$E$192:$H$223,IF($C$3="B",Tablolar!$E$70:$H$113,IF(OR($C$3="C",$C$3="Ç"),Tablolar!$E$119:$H$150,IF($C$3="D",Tablolar!$E$155:$H$186,IF($C$3="E",Tablolar!$E$192:$H$223,IF($C$3="F",Tablolar!$E$228:$H$259,Tablolar!$E$264:$H$295)))))),4,FALSE),0),(IF(OR($C$3=0,F50=0),0,VLOOKUP(E50,IF($C$3="A",Tablolar!$E$34:$H$66,IF($C$3="B",Tablolar!$E$70:$H$113,IF(OR($C$3="C",$C$3="Ç"),Tablolar!$E$119:$H$150,IF($C$3="D",Tablolar!$E$155:$H$186,IF($C$3="E",Tablolar!$E$192:$H$223,IF($C$3="F",Tablolar!$E$228:$H$259,Tablolar!$E$264:$H$295)))))),IF(G50/F50<0.15,2,IF(AND(G50/F50>=0.15,G50/F50<0.3),3,IF(G50/F50>=0.3,4,0))),FALSE)))) -> 0 | I50: =(IF($C$3=0,"",IF($C$3="A",Tablolar!B$67,IF($C$3="B",Tablolar!B104, IF(OR($C$3="C",$C$3="Ç"),Tablolar!B$152, IF($C$3="D",Tablolar!B189, IF($C$3="E",Tablolar!B$225, IF($C$3="F",Tablolar!B$261,0)))))))) | K50: =IF(J50="TAM", IF($C$3="A",Tablolar!K66, IF($C$3="B",Tablolar!K104, IF(OR($C$3="C",$C$3="Ç"),Tablolar!K141, IF($C$3="D",Tablolar!K177, IF($C$3="E",Tablolar!K214, IF($C$3="F",Tablolar!K250, Tablolar!K182)))))), IF(J50="LOKAL", IF($C$3="A",Tablolar!L66, IF($C$3="B",Tablolar!L104, IF(OR($C$3="C",$C$3="Ç"),Tablolar!L141, IF($C$3="D",Tablolar!L177, IF($C$3="E",Tablolar!L214, IF($C$3="F",Tablolar!L250, Tablolar!L286)))))),0)) -> 0
B51: =(IF($C$3=0,"",IF($C$3="A",Tablolar!B$67,IF($C$3="B",Tablolar!B107, IF(OR($C$3="C",$C$3="Ç"),Tablolar!B$152, IF($C$3="D",Tablolar!B$189, IF($C$3="E",Tablolar!B$225, IF($C$3="F",Tablolar!B$261,0)))))))) | C51: =(IF($C$3=0,0,VLOOKUP(B51,IF($C$3="A",Tablolar!$B$34:$C$67,IF($C$3="B",Tablolar!$B$70:$C$113, IF(OR($C$3="C",$C$3="Ç"),Tablolar!$B$119:$C$150, IF($C$3="D",Tablolar!$B$155:$C$189, IF($C$3="E",Tablolar!$B$192:$C$223, IF($C$3="F",Tablolar!$B$228:$C$259,Tablolar!$B$264:$C$295)))))),2,FALSE)))*IF(Tablolar!A69=TRUE,1,0) -> 0 | E51: =(IF($C$3=0,"",IF($C$3="A",Tablolar!B$67,IF($C$3="B",Tablolar!B107, IF(OR($C$3="C",$C$3="Ç"),Tablolar!B$152, IF($C$3="D",Tablolar!B$189, IF($C$3="E",Tablolar!B$225, IF($C$3="F",Tablolar!B$261,0)))))))) | H51: =IF(AND(Tablolar!D69=TRUE,F51=0),IF(Tablolar!D69=TRUE,VLOOKUP(E51,IF($C$3="A",Tablolar!$E$192:$H$223,IF($C$3="B",Tablolar!$E$70:$H$113,IF(OR($C$3="C",$C$3="Ç"),Tablolar!$E$119:$H$150,IF($C$3="D",Tablolar!$E$155:$H$186,IF($C$3="E",Tablolar!$E$192:$H$223,IF($C$3="F",Tablolar!$E$228:$H$259,Tablolar!$E$264:$H$295)))))),4,FALSE),0),(IF(OR($C$3=0,F51=0),0,VLOOKUP(E51,IF($C$3="A",Tablolar!$E$34:$H$66,IF($C$3="B",Tablolar!$E$70:$H$113,IF(OR($C$3="C",$C$3="Ç"),Tablolar!$E$119:$H$150,IF($C$3="D",Tablolar!$E$155:$H$186,IF($C$3="E",Tablolar!$E$192:$H$223,IF($C$3="F",Tablolar!$E$228:$H$259,Tablolar!$E$264:$H$295)))))),IF(G51/F51<0.15,2,IF(AND(G51/F51>=0.15,G51/F51<0.3),3,IF(G51/F51>=0.3,4,0))),FALSE)))) -> 0 | I51: =(IF($C$3=0,"",IF($C$3="A",Tablolar!B$67,IF($C$3="B",Tablolar!B107, IF(OR($C$3="C",$C$3="Ç"),Tablolar!B$152, IF($C$3="D",Tablolar!B$189, IF($C$3="E",Tablolar!B$225, IF($C$3="F",Tablolar!B$261,0)))))))) | K51: =IF(J51="TAM", IF($C$3="A",Tablolar!K67, IF($C$3="B",Tablolar!K107, IF(OR($C$3="C",$C$3="Ç"),Tablolar!K142, IF($C$3="D",Tablolar!K178, IF($C$3="E",Tablolar!K215, IF($C$3="F",Tablolar!K251, Tablolar!K183)))))), IF(J51="LOKAL", IF($C$3="A",Tablolar!L67, IF($C$3="B",Tablolar!L107, IF(OR($C$3="C",$C$3="Ç"),Tablolar!L142, IF($C$3="D",Tablolar!L178, IF($C$3="E",Tablolar!L215, IF($C$3="F",Tablolar!L251, Tablolar!L287)))))),0)) -> 0
B52: =(IF($C$3=0,"",IF($C$3="A",Tablolar!B$67,IF($C$3="B",Tablolar!B108, IF(OR($C$3="C",$C$3="Ç"),Tablolar!B$152, IF($C$3="D",Tablolar!B$189, IF($C$3="E",Tablolar!B$225, IF($C$3="F",Tablolar!B$261,0)))))))) | C52: =(IF($C$3=0,0,VLOOKUP(B52,IF($C$3="A",Tablolar!$B$34:$C$67,IF($C$3="B",Tablolar!$B$70:$C$113, IF(OR($C$3="C",$C$3="Ç"),Tablolar!$B$119:$C$150, IF($C$3="D",Tablolar!$B$155:$C$189, IF($C$3="E",Tablolar!$B$192:$C$223, IF($C$3="F",Tablolar!$B$228:$C$259,Tablolar!$B$264:$C$295)))))),2,FALSE)))*IF(Tablolar!A70=TRUE,1,0) -> 0 | E52: =(IF($C$3=0,"",IF($C$3="A",Tablolar!B$67,IF($C$3="B",Tablolar!B108, IF(OR($C$3="C",$C$3="Ç"),Tablolar!B$152, IF($C$3="D",Tablolar!B$189, IF($C$3="E",Tablolar!B$225, IF($C$3="F",Tablolar!B$261,0)))))))) | H52: =IF(AND(Tablolar!D70=TRUE,F52=0),IF(Tablolar!D70=TRUE,VLOOKUP(E52,IF($C$3="A",Tablolar!$E$192:$H$223,IF($C$3="B",Tablolar!$E$70:$H$113,IF(OR($C$3="C",$C$3="Ç"),Tablolar!$E$119:$H$150,IF($C$3="D",Tablolar!$E$155:$H$186,IF($C$3="E",Tablolar!$E$192:$H$223,IF($C$3="F",Tablolar!$E$228:$H$259,Tablolar!$E$264:$H$295)))))),4,FALSE),0),(IF(OR($C$3=0,F52=0),0,VLOOKUP(E52,IF($C$3="A",Tablolar!$E$34:$H$66,IF($C$3="B",Tablolar!$E$70:$H$113,IF(OR($C$3="C",$C$3="Ç"),Tablolar!$E$119:$H$150,IF($C$3="D",Tablolar!$E$155:$H$186,IF($C$3="E",Tablolar!$E$192:$H$223,IF($C$3="F",Tablolar!$E$228:$H$259,Tablolar!$E$264:$H$295)))))),IF(G52/F52<0.15,2,IF(AND(G52/F52>=0.15,G52/F52<0.3),3,IF(G52/F52>=0.3,4,0))),FALSE)))) -> 0 | I52: =(IF($C$3=0,"",IF($C$3="A",Tablolar!B$67,IF($C$3="B",Tablolar!B108, IF(OR($C$3="C",$C$3="Ç"),Tablolar!B$152, IF($C$3="D",Tablolar!B$189, IF($C$3="E",Tablolar!B$225, IF($C$3="F",Tablolar!B$261,0)))))))) | K52: =IF(J52="TAM", IF($C$3="A",Tablolar!K68, IF($C$3="B",Tablolar!K108, IF(OR($C$3="C",$C$3="Ç"),Tablolar!K143, IF($C$3="D",Tablolar!K179, IF($C$3="E",Tablolar!K216, IF($C$3="F",Tablolar!K252, Tablolar!K184)))))), IF(J52="LOKAL", IF($C$3="A",Tablolar!L68, IF($C$3="B",Tablolar!L108, IF(OR($C$3="C",$C$3="Ç"),Tablolar!L143, IF($C$3="D",Tablolar!L179, IF($C$3="E",Tablolar!L216, IF($C$3="F",Tablolar!L252, Tablolar!L288)))))),0)) -> 0
B53: =(IF($C$3=0,"",IF($C$3="A",Tablolar!B$67,IF($C$3="B",Tablolar!B109, IF(OR($C$3="C",$C$3="Ç"),Tablolar!B$152, IF($C$3="D",Tablolar!B$189, IF($C$3="E",Tablolar!B$225, IF($C$3="F",Tablolar!B$261,0)))))))) | C53: =(IF($C$3=0,0,VLOOKUP(B53,IF($C$3="A",Tablolar!$B$34:$C$67,IF($C$3="B",Tablolar!$B$70:$C$113, IF(OR($C$3="C",$C$3="Ç"),Tablolar!$B$119:$C$150, IF($C$3="D",Tablolar!$B$155:$C$189, IF($C$3="E",Tablolar!$B$192:$C$223, IF($C$3="F",Tablolar!$B$228:$C$259,Tablolar!$B$264:$C$295)))))),2,FALSE)))*IF(Tablolar!A71=TRUE,1,0) -> 0 | E53: =(IF($C$3=0,"",IF($C$3="A",Tablolar!B$67,IF($C$3="B",Tablolar!B109, IF(OR($C$3="C",$C$3="Ç"),Tablolar!B$152, IF($C$3="D",Tablolar!B$189, IF($C$3="E",Tablolar!B$225, IF($C$3="F",Tablolar!B$261,0)))))))) | H53: =IF(AND(Tablolar!D71=TRUE,F53=0),IF(Tablolar!D71=TRUE,VLOOKUP(E53,IF($C$3="A",Tablolar!$E$192:$H$223,IF($C$3="B",Tablolar!$E$70:$H$113,IF(OR($C$3="C",$C$3="Ç"),Tablolar!$E$119:$H$150,IF($C$3="D",Tablolar!$E$155:$H$186,IF($C$3="E",Tablolar!$E$192:$H$223,IF($C$3="F",Tablolar!$E$228:$H$259,Tablolar!$E$264:$H$295)))))),4,FALSE),0),(IF(OR($C$3=0,F53=0),0,VLOOKUP(E53,IF($C$3="A",Tablolar!$E$34:$H$66,IF($C$3="B",Tablolar!$E$70:$H$113,IF(OR($C$3="C",$C$3="Ç"),Tablolar!$E$119:$H$150,IF($C$3="D",Tablolar!$E$155:$H$186,IF($C$3="E",Tablolar!$E$192:$H$223,IF($C$3="F",Tablolar!$E$228:$H$259,Tablolar!$E$264:$H$295)))))),IF(G53/F53<0.15,2,IF(AND(G53/F53>=0.15,G53/F53<0.3),3,IF(G53/F53>=0.3,4,0))),FALSE)))) -> 0 | I53: =(IF($C$3=0,"",IF($C$3="A",Tablolar!B$67,IF($C$3="B",Tablolar!B109, IF(OR($C$3="C",$C$3="Ç"),Tablolar!B$152, IF($C$3="D",Tablolar!B$189, IF($C$3="E",Tablolar!B$225, IF($C$3="F",Tablolar!B$261,0)))))))) | K53: =IF(J53="TAM", IF($C$3="A",Tablolar!K69, IF($C$3="B",Tablolar!K109, IF(OR($C$3="C",$C$3="Ç"),Tablolar!K144, IF($C$3="D",Tablolar!K180, IF($C$3="E",Tablolar!K217, IF($C$3="F",Tablolar!K253, Tablolar!K185)))))), IF(J53="LOKAL", IF($C$3="A",Tablolar!L69, IF($C$3="B",Tablolar!L109, IF(OR($C$3="C",$C$3="Ç"),Tablolar!L144, IF($C$3="D",Tablolar!L180, IF($C$3="E",Tablolar!L217, IF($C$3="F",Tablolar!L253, Tablolar!L289)))))),0)) -> 0
B54: =(IF($C$3=0,"",IF($C$3="A",Tablolar!B$67,IF($C$3="B",Tablolar!B110, IF(OR($C$3="C",$C$3="Ç"),Tablolar!B$152, IF($C$3="D",Tablolar!B$189, IF($C$3="E",Tablolar!B$225, IF($C$3="F",Tablolar!B$261,0)))))))) | C54: =(IF($C$3=0,0,VLOOKUP(B54,IF($C$3="A",Tablolar!$B$34:$C$67,IF($C$3="B",Tablolar!$B$70:$C$113, IF(OR($C$3="C",$C$3="Ç"),Tablolar!$B$119:$C$150, IF($C$3="D",Tablolar!$B$155:$C$189, IF($C$3="E",Tablolar!$B$192:$C$223, IF($C$3="F",Tablolar!$B$228:$C$259,Tablolar!$B$264:$C$295)))))),2,FALSE)))*IF(Tablolar!A72=TRUE,1,0) -> 0 | E54: =(IF($C$3=0,"",IF($C$3="A",Tablolar!B$67,IF($C$3="B",Tablolar!B110, IF(OR($C$3="C",$C$3="Ç"),Tablolar!B$152, IF($C$3="D",Tablolar!B$189, IF($C$3="E",Tablolar!B$225, IF($C$3="F",Tablolar!B$261,0)))))))) | H54: =IF(AND(Tablolar!D72=TRUE,F54=0),IF(Tablolar!D72=TRUE,VLOOKUP(E54,IF($C$3="A",Tablolar!$E$192:$H$223,IF($C$3="B",Tablolar!$E$70:$H$113,IF(OR($C$3="C",$C$3="Ç"),Tablolar!$E$119:$H$150,IF($C$3="D",Tablolar!$E$155:$H$186,IF($C$3="E",Tablolar!$E$192:$H$223,IF($C$3="F",Tablolar!$E$228:$H$259,Tablolar!$E$264:$H$295)))))),4,FALSE),0),(IF(OR($C$3=0,F54=0),0,VLOOKUP(E54,IF($C$3="A",Tablolar!$E$34:$H$66,IF($C$3="B",Tablolar!$E$70:$H$113,IF(OR($C$3="C",$C$3="Ç"),Tablolar!$E$119:$H$150,IF($C$3="D",Tablolar!$E$155:$H$186,IF($C$3="E",Tablolar!$E$192:$H$223,IF($C$3="F",Tablolar!$E$228:$H$259,Tablolar!$E$264:$H$295)))))),IF(G54/F54<0.15,2,IF(AND(G54/F54>=0.15,G54/F54<0.3),3,IF(G54/F54>=0.3,4,0))),FALSE)))) -> 0 | I54: =(IF($C$3=0,"",IF($C$3="A",Tablolar!B$67,IF($C$3="B",Tablolar!B110, IF(OR($C$3="C",$C$3="Ç"),Tablolar!B$152, IF($C$3="D",Tablolar!B$189, IF($C$3="E",Tablolar!B$225, IF($C$3="F",Tablolar!B$261,0)))))))) | K54: =IF(J54="TAM", IF($C$3="A",Tablolar!K70, IF($C$3="B",Tablolar!K110, IF(OR($C$3="C",$C$3="Ç"),Tablolar!K145, IF($C$3="D",Tablolar!K181, IF($C$3="E",Tablolar!K218, IF($C$3="F",Tablolar!K254, Tablolar!K186)))))), IF(J54="LOKAL", IF($C$3="A",Tablolar!L70, IF($C$3="B",Tablolar!L110, IF(OR($C$3="C",$C$3="Ç"),Tablolar!L145, IF($C$3="D",Tablolar!L181, IF($C$3="E",Tablolar!L218, IF($C$3="F",Tablolar!L254, Tablolar!L290)))))),0)) -> 0
B55: =(IF($C$3=0,"",IF($C$3="A",Tablolar!B$67,IF($C$3="B",Tablolar!B111, IF(OR($C$3="C",$C$3="Ç"),Tablolar!B$152, IF($C$3="D",Tablolar!B$189, IF($C$3="E",Tablolar!B$225, IF($C$3="F",Tablolar!B$261,0)))))))) | C55: =(IF($C$3=0,0,VLOOKUP(B55,IF($C$3="A",Tablolar!$B$34:$C$67,IF($C$3="B",Tablolar!$B$70:$C$113, IF(OR($C$3="C",$C$3="Ç"),Tablolar!$B$119:$C$150, IF($C$3="D",Tablolar!$B$155:$C$189, IF($C$3="E",Tablolar!$B$192:$C$223, IF($C$3="F",Tablolar!$B$228:$C$259,Tablolar!$B$264:$C$295)))))),2,FALSE)))*IF(Tablolar!A73=TRUE,1,0) -> 0 | E55: =(IF($C$3=0,"",IF($C$3="A",Tablolar!B$67,IF($C$3="B",Tablolar!B111, IF(OR($C$3="C",$C$3="Ç"),Tablolar!B$152, IF($C$3="D",Tablolar!B$189, IF($C$3="E",Tablolar!B$225, IF($C$3="F",Tablolar!B$261,0)))))))) | H55: =IF(AND(Tablolar!D73=TRUE,F55=0),IF(Tablolar!D73=TRUE,VLOOKUP(E55,IF($C$3="A",Tablolar!$E$192:$H$223,IF($C$3="B",Tablolar!$E$70:$H$113,IF(OR($C$3="C",$C$3="Ç"),Tablolar!$E$119:$H$150,IF($C$3="D",Tablolar!$E$155:$H$186,IF($C$3="E",Tablolar!$E$192:$H$223,IF($C$3="F",Tablolar!$E$228:$H$259,Tablolar!$E$264:$H$295)))))),4,FALSE),0),(IF(OR($C$3=0,F55=0),0,VLOOKUP(E55,IF($C$3="A",Tablolar!$E$34:$H$66,IF($C$3="B",Tablolar!$E$70:$H$113,IF(OR($C$3="C",$C$3="Ç"),Tablolar!$E$119:$H$150,IF($C$3="D",Tablolar!$E$155:$H$186,IF($C$3="E",Tablolar!$E$192:$H$223,IF($C$3="F",Tablolar!$E$228:$H$259,Tablolar!$E$264:$H$295)))))),IF(G55/F55<0.15,2,IF(AND(G55/F55>=0.15,G55/F55<0.3),3,IF(G55/F55>=0.3,4,0))),FALSE)))) -> 0 | I55: =(IF($C$3=0,"",IF($C$3="A",Tablolar!B$67,IF($C$3="B",Tablolar!B111, IF(OR($C$3="C",$C$3="Ç"),Tablolar!B$152, IF($C$3="D",Tablolar!B$189, IF($C$3="E",Tablolar!B$225, IF($C$3="F",Tablolar!B$261,0)))))))) | K55: =IF(J55="TAM", IF($C$3="A",Tablolar!K71, IF($C$3="B",Tablolar!K111, IF(OR($C$3="C",$C$3="Ç"),Tablolar!K146, IF($C$3="D",Tablolar!K182, IF($C$3="E",Tablolar!K219, IF($C$3="F",Tablolar!K255, Tablolar!K189)))))), IF(J55="LOKAL", IF($C$3="A",Tablolar!L71, IF($C$3="B",Tablolar!L111, IF(OR($C$3="C",$C$3="Ç"),Tablolar!L146, IF($C$3="D",Tablolar!L182, IF($C$3="E",Tablolar!L219, IF($C$3="F",Tablolar!L255, Tablolar!L291)))))),0)) -> 0
B56: =(IF($C$3=0,"",IF($C$3="A",Tablolar!B$67,IF($C$3="B",Tablolar!B112, IF(OR($C$3="C",$C$3="Ç"),Tablolar!B$152, IF($C$3="D",Tablolar!B$189, IF($C$3="E",Tablolar!B232, IF($C$3="F",Tablolar!B268,0)))))))) | C56: =(IF($C$3=0,0,VLOOKUP(B56,IF($C$3="A",Tablolar!$B$34:$C$67,IF($C$3="B",Tablolar!$B$70:$C$113, IF(OR($C$3="C",$C$3="Ç"),Tablolar!$B$119:$C$150, IF($C$3="D",Tablolar!$B$155:$C$189, IF($C$3="E",Tablolar!$B$192:$C$223, IF($C$3="F",Tablolar!$B$228:$C$259,Tablolar!$B$264:$C$295)))))),2,FALSE)))*IF(Tablolar!A74=TRUE,1,0) -> 0 | E56: =(IF($C$3=0,"",IF($C$3="A",Tablolar!B$67,IF($C$3="B",Tablolar!B112, IF(OR($C$3="C",$C$3="Ç"),Tablolar!B$152, IF($C$3="D",Tablolar!B$189, IF($C$3="E",Tablolar!B232, IF($C$3="F",Tablolar!B268,0)))))))) | H56: =IF(AND(Tablolar!D74=TRUE,F56=0),IF(Tablolar!D74=TRUE,VLOOKUP(E56,IF($C$3="A",Tablolar!$E$192:$H$223,IF($C$3="B",Tablolar!$E$70:$H$113,IF(OR($C$3="C",$C$3="Ç"),Tablolar!$E$119:$H$150,IF($C$3="D",Tablolar!$E$155:$H$186,IF($C$3="E",Tablolar!$E$192:$H$223,IF($C$3="F",Tablolar!$E$228:$H$259,Tablolar!$E$264:$H$295)))))),4,FALSE),0),(IF(OR($C$3=0,F56=0),0,VLOOKUP(E56,IF($C$3="A",Tablolar!$E$34:$H$66,IF($C$3="B",Tablolar!$E$70:$H$113,IF(OR($C$3="C",$C$3="Ç"),Tablolar!$E$119:$H$150,IF($C$3="D",Tablolar!$E$155:$H$186,IF($C$3="E",Tablolar!$E$192:$H$223,IF($C$3="F",Tablolar!$E$228:$H$259,Tablolar!$E$264:$H$295)))))),IF(G56/F56<0.15,2,IF(AND(G56/F56>=0.15,G56/F56<0.3),3,IF(G56/F56>=0.3,4,0))),FALSE)))) -> 0 | I56: =(IF($C$3=0,"",IF($C$3="A",Tablolar!B$67,IF($C$3="B",Tablolar!B112, IF(OR($C$3="C",$C$3="Ç"),Tablolar!B$152, IF($C$3="D",Tablolar!B$189, IF($C$3="E",Tablolar!B232, IF($C$3="F",Tablolar!B268,0)))))))) | K56: =IF(J56="TAM", IF($C$3="A",Tablolar!K72, IF($C$3="B",Tablolar!K112, IF(OR($C$3="C",$C$3="Ç"),Tablolar!K147, IF($C$3="D",Tablolar!K183, IF($C$3="E",Tablolar!K220, IF($C$3="F",Tablolar!K256, Tablolar!K190)))))), IF(J56="LOKAL", IF($C$3="A",Tablolar!L72, IF($C$3="B",Tablolar!L112, IF(OR($C$3="C",$C$3="Ç"),Tablolar!L147, IF($C$3="D",Tablolar!L183, IF($C$3="E",Tablolar!L220, IF($C$3="F",Tablolar!L256, Tablolar!L292)))))),0)) -> 0
B57: =(IF($C$3=0,"",IF($C$3="A",Tablolar!B$67,IF($C$3="B",Tablolar!B113, IF(OR($C$3="C",$C$3="Ç"),Tablolar!B$152, IF($C$3="D",Tablolar!B$189, IF($C$3="E",Tablolar!B233, IF($C$3="F",Tablolar!B269,0)))))))) | C57: =(IF($C$3=0,0,VLOOKUP(B57,IF($C$3="A",Tablolar!$B$34:$C$67,IF($C$3="B",Tablolar!$B$70:$C$113, IF(OR($C$3="C",$C$3="Ç"),Tablolar!$B$119:$C$150, IF($C$3="D",Tablolar!$B$155:$C$189, IF($C$3="E",Tablolar!$B$192:$C$223, IF($C$3="F",Tablolar!$B$228:$C$259,Tablolar!$B$264:$C$295)))))),2,FALSE)))*IF(Tablolar!A75=TRUE,1,0) -> 0 | E57: =(IF($C$3=0,"",IF($C$3="A",Tablolar!B$67,IF($C$3="B",Tablolar!B113, IF(OR($C$3="C",$C$3="Ç"),Tablolar!B$152, IF($C$3="D",Tablolar!B$189, IF($C$3="E",Tablolar!B233, IF($C$3="F",Tablolar!B269,0)))))))) | H57: =IF(AND(Tablolar!D75=TRUE,F57=0),IF(Tablolar!D75=TRUE,VLOOKUP(E57,IF($C$3="A",Tablolar!$E$192:$H$223,IF($C$3="B",Tablolar!$E$70:$H$113,IF(OR($C$3="C",$C$3="Ç"),Tablolar!$E$119:$H$150,IF($C$3="D",Tablolar!$E$155:$H$186,IF($C$3="E",Tablolar!$E$192:$H$223,IF($C$3="F",Tablolar!$E$228:$H$259,Tablolar!$E$264:$H$295)))))),4,FALSE),0),(IF(OR($C$3=0,F57=0),0,VLOOKUP(E57,IF($C$3="A",Tablolar!$E$34:$H$66,IF($C$3="B",Tablolar!$E$70:$H$113,IF(OR($C$3="C",$C$3="Ç"),Tablolar!$E$119:$H$150,IF($C$3="D",Tablolar!$E$155:$H$186,IF($C$3="E",Tablolar!$E$192:$H$223,IF($C$3="F",Tablolar!$E$228:$H$259,Tablolar!$E$264:$H$295)))))),IF(G57/F57<0.15,2,IF(AND(G57/F57>=0.15,G57/F57<0.3),3,IF(G57/F57>=0.3,4,0))),FALSE)))) -> 0 | I57: =(IF($C$3=0,"",IF($C$3="A",Tablolar!B$67,IF($C$3="B",Tablolar!B113, IF(OR($C$3="C",$C$3="Ç"),Tablolar!B$152, IF($C$3="D",Tablolar!B$189, IF($C$3="E",Tablolar!B233, IF($C$3="F",Tablolar!B269,0)))))))) | K57: =IF(J57="TAM", IF($C$3="A",Tablolar!K73, IF($C$3="B",Tablolar!K113, IF(OR($C$3="C",$C$3="Ç"),Tablolar!K148, IF($C$3="D",Tablolar!K184, IF($C$3="E",Tablolar!K221, IF($C$3="F",Tablolar!K257, Tablolar!K191)))))), IF(J57="LOKAL", IF($C$3="A",Tablolar!L73, IF($C$3="B",Tablolar!L113, IF(OR($C$3="C",$C$3="Ç"),Tablolar!L148, IF($C$3="D",Tablolar!L184, IF($C$3="E",Tablolar!L221, IF($C$3="F",Tablolar!L257, Tablolar!L293)))))),0)) -> 0
B58: =(IF($C$3=0,"",IF($C$3="A",Tablolar!B$67,IF($C$3="B",Tablolar!B114, IF(OR($C$3="C",$C$3="Ç"),Tablolar!B$152, IF($C$3="D",Tablolar!B$189, IF($C$3="E",Tablolar!B234, IF($C$3="F",Tablolar!B270,0)))))))) | C58: =(IF($C$3=0,0,VLOOKUP(B58,IF($C$3="A",Tablolar!$B$34:$C$67,IF($C$3="B",Tablolar!$B$70:$C$115, IF(OR($C$3="C",$C$3="Ç"),Tablolar!$B$119:$C$150, IF($C$3="D",Tablolar!$B$155:$C$189, IF($C$3="E",Tablolar!$B$192:$C$223, IF($C$3="F",Tablolar!$B$228:$C$259,Tablolar!$B$264:$C$295)))))),2,FALSE)))*IF(Tablolar!A76=TRUE,1,0) -> 0 | E58: =(IF($C$3=0,"",IF($C$3="A",Tablolar!B$67,IF($C$3="B",Tablolar!B114, IF(OR($C$3="C",$C$3="Ç"),Tablolar!B$152, IF($C$3="D",Tablolar!B$189, IF($C$3="E",Tablolar!B234, IF($C$3="F",Tablolar!B270,0)))))))) | H58: =IF(AND(Tablolar!D76=TRUE,F58=0),IF(Tablolar!D76=TRUE,VLOOKUP(E58,IF($C$3="A",Tablolar!$E$192:$H$223,IF($C$3="B",Tablolar!$E$70:$H$115,IF(OR($C$3="C",$C$3="Ç"),Tablolar!$E$119:$H$150,IF($C$3="D",Tablolar!$E$155:$H$186,IF($C$3="E",Tablolar!$E$192:$H$223,IF($C$3="F",Tablolar!$E$228:$H$259,Tablolar!$E$264:$H$295)))))),4,FALSE),0),(IF(OR($C$3=0,F58=0),0,VLOOKUP(E58,IF($C$3="A",Tablolar!$E$34:$H$66,IF($C$3="B",Tablolar!$E$70:$H$113,IF(OR($C$3="C",$C$3="Ç"),Tablolar!$E$119:$H$150,IF($C$3="D",Tablolar!$E$155:$H$186,IF($C$3="E",Tablolar!$E$192:$H$223,IF($C$3="F",Tablolar!$E$228:$H$259,Tablolar!$E$264:$H$295)))))),IF(G58/F58<0.15,2,IF(AND(G58/F58>=0.15,G58/F58<0.3),3,IF(G58/F58>=0.3,4,0))),FALSE)))) -> 0 | I58: =(IF($C$3=0,"",IF($C$3="A",Tablolar!B$67,IF($C$3="B",Tablolar!B114, IF(OR($C$3="C",$C$3="Ç"),Tablolar!B$152, IF($C$3="D",Tablolar!B$189, IF($C$3="E",Tablolar!B234, IF($C$3="F",Tablolar!B270,0)))))))) | K58: =IF(J58="TAM", IF($C$3="A",Tablolar!K74, IF($C$3="B",Tablolar!K114, IF(OR($C$3="C",$C$3="Ç"),Tablolar!K149, IF($C$3="D",Tablolar!K185, IF($C$3="E",Tablolar!K222, IF($C$3="F",Tablolar!K258, Tablolar!K192)))))), IF(J58="LOKAL", IF($C$3="A",Tablolar!L74, IF($C$3="B",Tablolar!L114, IF(OR($C$3="C",$C$3="Ç"),Tablolar!L149, IF($C$3="D",Tablolar!L185, IF($C$3="E",Tablolar!L222, IF($C$3="F",Tablolar!L258, Tablolar!L294)))))),0)) -> 0
B59: =(IF($C$3=0,"",IF($C$3="A",Tablolar!B$67,IF($C$3="B",Tablolar!B115, IF(OR($C$3="C",$C$3="Ç"),Tablolar!B$152, IF($C$3="D",Tablolar!B189, IF($C$3="E",Tablolar!B235, IF($C$3="F",Tablolar!B271,0)))))))) | C59: =(IF($C$3=0,0,VLOOKUP(B59,IF($C$3="A",Tablolar!$B$34:$C$67,IF($C$3="B",Tablolar!$B$70:$C$115, IF(OR($C$3="C",$C$3="Ç"),Tablolar!$B$119:$C$150, IF($C$3="D",Tablolar!$B$155:$C$189, IF($C$3="E",Tablolar!$B$192:$C$223, IF($C$3="F",Tablolar!$B$228:$C$259,Tablolar!$B$264:$C$295)))))),2,FALSE)))*IF(Tablolar!A77=TRUE,1,0) -> 0 | E59: =(IF($C$3=0,"",IF($C$3="A",Tablolar!B$67,IF($C$3="B",Tablolar!B115, IF(OR($C$3="C",$C$3="Ç"),Tablolar!B$152, IF($C$3="D",Tablolar!B189, IF($C$3="E",Tablolar!B235, IF($C$3="F",Tablolar!B271,0)))))))) | H59: =IF(AND(Tablolar!D77=TRUE,F59=0),IF(Tablolar!D77=TRUE,VLOOKUP(E59,IF($C$3="A",Tablolar!$E$192:$H$223,IF($C$3="B",Tablolar!$E$70:$H$115,IF(OR($C$3="C",$C$3="Ç"),Tablolar!$E$119:$H$150,IF($C$3="D",Tablolar!$E$155:$H$186,IF($C$3="E",Tablolar!$E$192:$H$223,IF($C$3="F",Tablolar!$E$228:$H$259,Tablolar!$E$264:$H$295)))))),4,FALSE),0),(IF(OR($C$3=0,F59=0),0,VLOOKUP(E59,IF($C$3="A",Tablolar!$E$34:$H$66,IF($C$3="B",Tablolar!$E$70:$H$113,IF(OR($C$3="C",$C$3="Ç"),Tablolar!$E$119:$H$150,IF($C$3="D",Tablolar!$E$155:$H$186,IF($C$3="E",Tablolar!$E$192:$H$223,IF($C$3="F",Tablolar!$E$228:$H$259,Tablolar!$E$264:$H$295)))))),IF(G59/F59<0.15,2,IF(AND(G59/F59>=0.15,G59/F59<0.3),3,IF(G59/F59>=0.3,4,0))),FALSE)))) -> 0 | I59: =(IF($C$3=0,"",IF($C$3="A",Tablolar!B$67,IF($C$3="B",Tablolar!B115, IF(OR($C$3="C",$C$3="Ç"),Tablolar!B$152, IF($C$3="D",Tablolar!B189, IF($C$3="E",Tablolar!B235, IF($C$3="F",Tablolar!B271,0)))))))) | K59: =IF(J59="TAM", IF($C$3="A",Tablolar!K75, IF($C$3="B",Tablolar!K115, IF(OR($C$3="C",$C$3="Ç"),Tablolar!K150, IF($C$3="D",Tablolar!K186, IF($C$3="E",Tablolar!K223, IF($C$3="F",Tablolar!K259, Tablolar!K193)))))), IF(J59="LOKAL", IF($C$3="A",Tablolar!L75, IF($C$3="B",Tablolar!L115, IF(OR($C$3="C",$C$3="Ç"),Tablolar!L150, IF($C$3="D",Tablolar!L186, IF($C$3="E",Tablolar!L223, IF($C$3="F",Tablolar!L259, Tablolar!L295)))))),0)) -> 0
B60: =(IF($C$3=0,"",IF($C$3="A",Tablolar!B$67,IF($C$3="B",Tablolar!B116, IF(OR($C$3="C",$C$3="Ç"),Tablolar!B$152, IF($C$3="D",Tablolar!B199, IF($C$3="E",Tablolar!B236, IF($C$3="F",Tablolar!B272,0)))))))) | C60: =(IF($C$3=0,0,VLOOKUP(B60,IF($C$3="A",Tablolar!$B$34:$C$67,IF($C$3="B",Tablolar!$B$70:$C$116, IF(OR($C$3="C",$C$3="Ç"),Tablolar!$B$119:$C$150, IF($C$3="D",Tablolar!$B$155:$C$189, IF($C$3="E",Tablolar!$B$192:$C$223, IF($C$3="F",Tablolar!$B$228:$C$259,Tablolar!$B$264:$C$295)))))),2,FALSE)))*IF(Tablolar!A78=TRUE,1,0) -> 0 | E60: =(IF($C$3=0,"",IF($C$3="A",Tablolar!B$67,IF($C$3="B",Tablolar!B116, IF(OR($C$3="C",$C$3="Ç"),Tablolar!B$152, IF($C$3="D",Tablolar!B199, IF($C$3="E",Tablolar!B236, IF($C$3="F",Tablolar!B272,0)))))))) | H60: =IF(AND(Tablolar!D78=TRUE,F60=0),IF(Tablolar!D78=TRUE,VLOOKUP(E60,IF($C$3="A",Tablolar!$E$192:$H$223,IF($C$3="B",Tablolar!$E$70:$H$113,IF(OR($C$3="C",$C$3="Ç"),Tablolar!$E$119:$H$150,IF($C$3="D",Tablolar!$E$155:$H$186,IF($C$3="E",Tablolar!$E$192:$H$223,IF($C$3="F",Tablolar!$E$228:$H$259,Tablolar!$E$264:$H$295)))))),4,FALSE),0),(IF(OR($C$3=0,F60=0),0,VLOOKUP(E60,IF($C$3="A",Tablolar!$E$34:$H$66,IF($C$3="B",Tablolar!$E$70:$H$113,IF(OR($C$3="C",$C$3="Ç"),Tablolar!$E$119:$H$150,IF($C$3="D",Tablolar!$E$155:$H$186,IF($C$3="E",Tablolar!$E$192:$H$223,IF($C$3="F",Tablolar!$E$228:$H$259,Tablolar!$E$264:$H$295)))))),IF(G60/F60<0.15,2,IF(AND(G60/F60>=0.15,G60/F60<0.3),3,IF(G60/F60>=0.3,4,0))),FALSE)))) -> 0 | I60: =(IF($C$3=0,"",IF($C$3="A",Tablolar!B$67,IF($C$3="B",Tablolar!B116, IF(OR($C$3="C",$C$3="Ç"),Tablolar!B$152, IF($C$3="D",Tablolar!B199, IF($C$3="E",Tablolar!B236, IF($C$3="F",Tablolar!B272,0)))))))) | K60: =IF(J60="TAM", IF($C$3="A",Tablolar!K76, IF($C$3="B",Tablolar!K114, IF(OR($C$3="C",$C$3="Ç"),Tablolar!K152, IF($C$3="D",Tablolar!K189, IF($C$3="E",Tablolar!K225, IF($C$3="F",Tablolar!K261, Tablolar!K194)))))), IF(J60="LOKAL", IF($C$3="A",Tablolar!L76, IF($C$3="B",Tablolar!L114, IF(OR($C$3="C",$C$3="Ç"),Tablolar!L152, IF($C$3="D",Tablolar!L189, IF($C$3="E",Tablolar!L225, IF($C$3="F",Tablolar!L261, Tablolar!L296)))))),0)) -> 0
B61: =(IF($C$3=0,"",IF($C$3="A",Tablolar!B$67,IF($C$3="B",Tablolar!B116, IF(OR($C$3="C",$C$3="Ç"),Tablolar!B$152, IF($C$3="D",Tablolar!B200, IF($C$3="E",Tablolar!B237, IF($C$3="F",Tablolar!B273,0)))))))) | C61: =(IF($C$3=0,0,VLOOKUP(B61,IF($C$3="A",Tablolar!$B$34:$C$67,IF($C$3="B",Tablolar!$B$70:$C$116, IF(OR($C$3="C",$C$3="Ç"),Tablolar!$B$119:$C$150, IF($C$3="D",Tablolar!$B$155:$C$189, IF($C$3="E",Tablolar!$B$192:$C$223, IF($C$3="F",Tablolar!$B$228:$C$259,Tablolar!$B$264:$C$295)))))),2,FALSE)))*IF(Tablolar!A79=TRUE,1,0) -> 0 | E61: =(IF($C$3=0,"",IF($C$3="A",Tablolar!B$67,IF($C$3="B",Tablolar!B116, IF(OR($C$3="C",$C$3="Ç"),Tablolar!B$152, IF($C$3="D",Tablolar!B200, IF($C$3="E",Tablolar!B237, IF($C$3="F",Tablolar!B273,0)))))))) | H61: =IF(AND(Tablolar!D79=TRUE,F61=0),IF(Tablolar!D67=TRUE,VLOOKUP(E61,IF($C$3="A",Tablolar!$E$192:$H$223,IF($C$3="B",Tablolar!$E$70:$H$113,IF(OR($C$3="C",$C$3="Ç"),Tablolar!$E$119:$H$150,IF($C$3="D",Tablolar!$E$155:$H$186,IF($C$3="E",Tablolar!$E$192:$H$223,IF($C$3="F",Tablolar!$E$228:$H$259,Tablolar!$E$264:$H$295)))))),4,FALSE),0),(IF(OR($C$3=0,F61=0),0,VLOOKUP(E61,IF($C$3="A",Tablolar!$E$34:$H$66,IF($C$3="B",Tablolar!$E$70:$H$113,IF(OR($C$3="C",$C$3="Ç"),Tablolar!$E$119:$H$150,IF($C$3="D",Tablolar!$E$155:$H$186,IF($C$3="E",Tablolar!$E$192:$H$223,IF($C$3="F",Tablolar!$E$228:$H$259,Tablolar!$E$264:$H$295)))))),IF(G61/F61<0.15,2,IF(AND(G61/F61>=0.15,G61/F61<0.3),3,IF(G61/F61>=0.3,4,0))),FALSE)))) -> 0 | I61: =(IF($C$3=0,"",IF($C$3="A",Tablolar!B$67,IF($C$3="B",Tablolar!B116, IF(OR($C$3="C",$C$3="Ç"),Tablolar!B$152, IF($C$3="D",Tablolar!B200, IF($C$3="E",Tablolar!B237, IF($C$3="F",Tablolar!B273,0)))))))) | K61: =IF(J61="TAM", IF($C$3="A",Tablolar!K77, IF($C$3="B",Tablolar!K115, IF(OR($C$3="C",$C$3="Ç"),Tablolar!K153, IF($C$3="D",Tablolar!K190, IF($C$3="E",Tablolar!K226, IF($C$3="F",Tablolar!K262, Tablolar!K195)))))), IF(J61="LOKAL", IF($C$3="A",Tablolar!L77, IF($C$3="B",Tablolar!L115, IF(OR($C$3="C",$C$3="Ç"),Tablolar!L153, IF($C$3="D",Tablolar!L190, IF($C$3="E",Tablolar!L226, IF($C$3="F",Tablolar!L262, Tablolar!L297)))))),0)) -> 0
B64: TOPLAM | C64: =SUM(C16:C61)-IF(AND($C$3="C",(YEAR(C13)-C11)>4,$C$29>0,$B$29="KABİN (TRİMSİZ)"),$C$29,0) -> 0 | E64: TOPLAM | H64: =SUM(H16:H61) -> 0 | I64: TOPLAM | K64: =SUM(K16:K61)-IF(AND($C$3="C",(YEAR(C13)-C11)>4,$K$29>0,$B$29="KABİN (TRİMSİZ)"),$K$29,0) -> 0

Sheet Sheet1
C3: F | D3: =IF(AND($C$3="F",((2.5*(C7*F9*(1+(J5+J7+J9+J11))*J3))<=0.3)),IF(((2.5*(C5*C7*F9*(1+(J5+J7+J9+J11))*J3))- ROUNDDOWN(((2.5*(C5*C7*F9*(1+(J5+J7+J9+J11))*J3))),0))<=0.5,ROUNDDOWN(((2.5*(C5*C7*F9*(1+(J5+J7+J9+J11))*J3))),0)+0.5,ROUNDUP(((2.5*(C5*C7*F9*(1+(J5+J7+J9+J11))*J3))),0)),IF(AND($C$3="F",((2.5*(C7*F9*(1+(J5+J7+J9+J11))*J3))>0.3)),IF((C5*0.3)-ROUNDDOWN(C5*0.3,0)<=0.5,ROUNDDOWN(C5*0.3,0)+0.5,ROUNDUP(C5*0.3,0)),IF(AND($B$3="OTOBÜS",((0.5*(C7*F9*(1+(J5+J7+J9+J11))*J3))<=0.3)),IF(((0.5*(C5*C7*F9*(1+(J5+J7+J9+J11))*J3))- ROUNDDOWN(((0.5*(C5*C7*F9*(1+(J5+J7+J9+J11))*J3))),0))<=0.5,ROUNDDOWN(((0.5*(C5*C7*F9*(1+(J5+J7+J9+J11))*J3))),0)+0.5,ROUNDUP(((0.5*(C5*C7*F9*(1+(J5+J7+J9+J11))*J3))),0)),IF(AND($B$3="OTOBÜS",((0.5*(C7*F9*(1+(J5+J7+J9+J11))*J3))>0.3)),IF((C5*0.3)-ROUNDDOWN(C5*0.3,0)<=0.5,ROUNDDOWN(C5*0.3,0)+0.5,ROUNDUP(C5*0.3,0)),IF((C7*F9*(1+(J5+J7+J9+J11))*J3)<=0.3,IF(((C5*C7*F9*(1+(J5+J7+J9+J11))*J3)- ROUNDDOWN((C5*C7*F9*(1+(J5+J7+J9+J11))*J3),0))<=0.5,(ROUNDDOWN((C5*C7*F9*(1+(J5+J7+J9+J11))*J3),0)+0.5),ROUNDUP((C5*C7*F9*(1+(J5+J7+J9+J11))*J3),0)),IF((C5*0.3)-ROUNDDOWN(C5*0.3,0)<=0.5,ROUNDDOWN(C5*0.3,0)+0.5,ROUNDUP(C5*0.3,0))))))) -> 0.5 | J3: 0.001
C5: 0 | J5: 1
C7: 0 | J7: 1
D9: =(2.5*(C7*F9*(1+(J5+J7+J9+J11))*J3)) -> 0 | F9: 1 | J9: 1
J11: 1

Sheet Uygulama Esasları
B3: REEL PİYASA ANALİZ YÖNTEMİ ESASIYLA HESAPLAMA REHBERİ UYGULAMA ESASLARI
B5: 1. AMAÇ VE KAPSAM
B6: Bu kılavuz; motorlu kara taşıtlarında meydana gelen hasarlar sonrası oluşan değer kaybının, gerçek zarar ilkesi, reel piyasa verileri ve objektif teknik kriterler esas alınarak ölçülebilir bir tazminat hesaplanmasını sağlamak amacıyla hazırlanmıştır.
B7: Bu yöntem ile;
B8: Değer kaybı tazminat hesaplamalarında yeknesaklığın sağlanması,
B9: Değer kaybı tazminat hesaplamalarının ölçülebilir, izlenebilir ve denetlenebilir hale getirilmesi,
B10: Yargı kararları ile uyumlu bilimsel ve teknik bir model oluşturulması,
B11: Değer kaybı tazminat hesaplamalarında subjektif değerlendirmelerin en aza indirilmesi,
B12: hedeflenmektedir.
B13: 2. TEMEL İLKELER
B15: 2.1 Değer kaybı tazminat hesaplaması; aracın kaza öncesi hasarsız rayiç değeri ile onarım sonrası piyasa rayiç değeri arasındaki fark gözetilerek Yargıtay tarafından belirlenen parametreler esas alınarak yapılır.
B17: 2.2 Hesaplamalarda esas alınan tüm veriler:
... B132: Denetime açık şekilde; izlenebilir, eksiksiz ve doğrulanabilir formatta en az 5 yıl dijital ortamda muhafaza etmekle yükümlüdür.

Sheet Tablolar
B1: ARAÇ GRUB KODLARI | E1: RAYİÇ DEĞER KATSAYISI | G1: R
B2: ARAÇ GRUBU | C2: KODU | E2: ARAÇ KODU | F2: 0-49999 | G2: 50000-99999 | H2: 100000-199999 | I2: 200000-249999 | J2: 250000-299999 | K2: 300000-349999 | L2: 350000-399999 | M2: 400000-499999 | N2: 500000-749999 | O2: 750000-999999 | P2: 1000000-1249000 | Q2: 1250000-1499000 | R2: 1500000 ÜZERİ | U2: =V2*(Hesaplama!C5*Hesaplama!C7*Hesaplama!F9*(1+(Hesaplama!J5+Hesaplama!J7+Hesaplama!J9))*Hesaplama!J3) -> 0 | V2: 2.5 | W2: =Hesaplama!C5*0.3 -> 0
B3: OTOMOBİL | C3: A | E3: A | F3: 0.65 | G3: 0.7 | H3: 0.75 | I3: 0.8 | J3: 0.8 | K3: 0.85 | L3: 0.85 | M3: 0.9 | N3: 0.95 | O3: 1 | P3: 1 | Q3: 1 | R3: 1 | U3: =U2/1000 -> 0 | W3: =W2/1000 -> 0
B4: TAKSİ | C4: A | E4: B | F4: 0.65 | G4: 0.65 | H4: 0.65 | I4: 0.65 | J4: 0.7 | K4: 0.7 | L4: 0.75 | M4: 0.75 | N4: 0.8 | O4: 0.85 | P4: 0.9 | Q4: 0.95 | R4: 1 | U4: =INT(U3)*1000 -> 0 | W4: =INT(W3)*1000 -> 0
B5: MİNİBÜS | C5: B | E5: C | F5: 0.65 | G5: 0.65 | H5: 0.65 | I5: 0.65 | J5: 0.7 | K5: 0.7 | L5: 0.75 | M5: 0.75 | N5: 0.8 | O5: 0.85 | P5: 0.9 | Q5: 0.95 | R5: 1 | U5: =U2-U4 -> 0 | W5: =W2-W4 -> 0
B6: OTOBÜS | C6: B | E6: Ç | F6: 0.65 | G6: 0.65 | H6: 0.65 | I6: 0.65 | J6: 0.7 | K6: 0.7 | L6: 0.75 | M6: 0.75 | N6: 0.8 | O6: 0.85 | P6: 0.9 | Q6: 0.95 | R6: 1 | U6: =V6*(Hesaplama!C5*Hesaplama!C7*Hesaplama!F9*(1+(Hesaplama!J5+Hesaplama!J7+Hesaplama!J9))*Hesaplama!J3) -> 0 | V6: 0.5
B7: KAMYONET | C7: C | E7: D | F7: 0.65 | G7: 0.65 | H7: 0.65 | I7: 0.65 | J7: 0.7 | K7: 0.7 | L7: 0.75 | M7: 0.75 | N7: 0.8 | O7: 0.85 | P7: 0.9 | Q7: 0.95 | R7: 1 | U7: =U6/1000 -> 0
B8: KAMYON | C8: C | E8: E | F8: 0.65 | G8: 0.65 | H8: 0.65 | I8: 0.65 | J8: 0.7 | K8: 0.7 | L8: 0.75 | M8: 0.75 | N8: 0.8 | O8: 0.85 | P8: 0.9 | Q8: 0.95 | R8: 1 | U8: =INT(U7)*1000 -> 0
B9: ÇEKİCİ | C9: C | E9: F | F9: 0.65 | G9: 0.7 | H9: 0.75 | I9: 0.8 | J9: 0.8 | K9: 0.85 | L9: 0.85 | M9: 0.9 | N9: 0.95 | O9: 1 | P9: 1 | Q9: 1 | R9: 1 | U9: =U6-U8 -> 0
B10: İŞ MAKİNESİ | C10: D | U10: =(Hesaplama!C5*Hesaplama!C7*Hesaplama!F9*(1+(Hesaplama!J5+Hesaplama!J7+Hesaplama!J9))*Hesaplama!J3) -> 0
B11: TRAKTÖR | C11: D | E11: KİLOMETRE KATSAYISI | G11: K | U11: =U10/1000 -> 0
B12: TARIM MAKİNESİ | C12: D | E12: KİLOMETRE | F12: 0-19999 | G12: 20000-49999 | H12: 50000-99999 | I12: 100000-149999 | J12: 150000-199999 | K12: 200000-299999 | L12: 300000-499999 | M12: 500000-749999 | N12: 750000-999999 | O12: 1000000 ÜZERİ | U12: =INT(U11)*1000 -> 0
B13: ÖZEL AMAÇLI ARAÇ | C13: Ç | E13: A | F13: 1 | G13: 0.95 | H13: 0.9 | I13: 0.85 | J13: 0.8 | K13: 0.75 | L13: 0.7 | M13: 0.7 | N13: 0.7 | O13: 0.7 | U13: =U10-U12 -> 0
B14: RÖMORK | C14: E | E14: B | F14: 1 | G14: 1 | H14: 0.95 | I14: 0.95 | J14: 0.9 | K14: 0.9 | L14: 0.85 | M14: 0.8 | N14: 0.75 | O14: 0.7
B15: MOTORSİKLET | C15: F | E15: C | F15: 1 | G15: 1 | H15: 0.95 | I15: 0.95 | J15: 0.9 | K15: 0.9 | L15: 0.85 | M15: 0.8 | N15: 0.75 | O15: 0.7
B16: TANKER | C16: Ç | E16: Ç | F16: 1 | G16: 1 | H16: 0.95 | I16: 0.95 | J16: 0.9 | K16: 0.9 | L16: 0.85 | M16: 0.8 | N16: 0.75 | O16: 0.7
B17: YAŞ KATSAYI | E17: E | F17: 1 | G17: 1 | H17: 0.95 | I17: 0.95 | J17: 0.9 | K17: 0.9 | L17: 0.85 | M17: 0.8 | N17: 0.75 | O17: 0.7
B18: YAŞI | C18: K | E18: F | F18: 1 | G18: 0.95 | H18: 0.9 | I18: 0.85 | J18: 0.8 | K18: 0.75 | L18: 0.7 | M18: 0.7 | N18: 0.7 | O18: 0.7
B19: 20 Üstü | C19: 0.65 | E19: ÇALIŞMA SAATİ | F19: 0-500 | G19: 501-1000 | H19: 1001-2000 | I19: 2001-3000 | J19: 3001-4000 | K19: 4001-5000 | L19: 5001 ÜZERİ
B20: 17-19 | C20: 0.7 | E20: D | F20: 1 | G20: 0.95 | H20: 0.9 | I20: 0.85 | J20: 0.8 | K20: 0.75 | L20: 0.7 | M20: 0.7 | N20: 0.7 | O20: 0.7
B21: 14-16 | C21: 0.75
B22: 11-13 | C22: 0.8 | E22: GENEL DEĞERLENDİRME KATSAYISI | G22: G
B23: 8-10 | C23: 0.85 | E23: KODU | F23: KATSAYI | L23: =IF(AND(YEAR(TODAY()) - Hesaplama!C11 > 2,YEAR(TODAY()) - Hesaplama!C11 <= 5),"3-5",0) -> 0
B24: 5-7 | C24: 0.9 | E24: G1-TİCARİ,KİRALIK | F24: -0.05 | G24: EVET | H24: HAYIR | J24: =YEAR(TODAY()) -> 2026
B25: 3-4 | C25: 0.95 | E25: G2-SBM HASAR GEÇMİŞİ | F25: -0.03 | G25: ADET
B26: 0-2 | C26: 1 | E26: G3-KM PAYI | F26: 0.05 | G26: 0<ALT SINIR>=1000
B27: =IF(YEAR(Hesaplama!F11) - Hesaplama!C11 < 3,"0-2",IF(AND(YEAR(Hesaplama!F11) - Hesaplama!C11 > 2,YEAR(Hesaplama!F11) - Hesaplama!C11 <= 4),"3-4",IF(AND(YEAR(Hesaplama!F11) - Hesaplama!C11 > 4,YEAR(Hesaplama!F11) - Hesaplama!C11 <= 7),"5-7",IF(AND(YEAR(Hesaplama!F11) - Hesaplama!C11 > 7,YEAR(Hesaplama!F11) - Hesaplama!C11 <= 10),"8-10",IF(AND(YEAR(Hesaplama!F11) - Hesaplama!C11 > 10,YEAR(Hesaplama!F11) - Hesaplama!C11 <= 13),"11-13",IF(AND(YEAR(Hesaplama!F11) - Hesaplama!C11 > 13,YEAR(Hesaplama!F11) - Hesaplama!C11 <= 16),"14-16",IF(AND(YEAR(Hesaplama!F11) - Hesaplama!C11 > 16,YEAR(Hesaplama!F11) - Hesaplama!C11 <= 19),"17-19",IF(YEAR(Hesaplama!F11) - Hesaplama!C11 > 19,"20 Üstü",0)))))))) -> 20 Üstü
E28: EVET/HAYIR | I28: TAM/LOKAL
E29: EVET | I29: TAM
E30: HAYIR | I30: LOKAL
B32: OTOMOBİL TAKSİ (A GRUBU) | E32: OTOMOBİL TAKSİ (A GRUBU) | I32: OTOMOBİL TAKSİ (A GRUBU)
A33: SEÇ | B33: DEĞİŞEN PARÇALAR | C33: KATSAYI | D33: SEÇ | E33: ONARILAN PARÇALAR | F33: HAFİF | G33: ORTA | H33: AĞIR | I33: BOYANACAK PARÇALAR | K33: TAM | L33: LOKAL
A34: FALSE | B34: TAVAN SACI | C34: 5 | D34: FALSE | E34: TAVAN SACI | F34: 1 | G34: 1.5 | H34: 2 | I34: TAVAN SACI | K34: 3 | L34: 1.5
A35: FALSE | B35: ÖN PANEL (SAC) | C35: 1 | D35: FALSE | E35: ÖN PANEL (SAC) | F35: 0.5 | G35: 1 | H35: 1.5 | I35: ÖN PANEL (SAC) | K35: 0.5 | L35: 0.25
A36: FALSE | B36: SAĞ ÖN ÇAMURLUK (SAC) | C36: 1 | D36: FALSE | E36: SAĞ ÖN ÇAMURLUK (SAC) | F36: 0.5 | G36: 0.75 | H36: 1 | I36: SAĞ ÖN ÇAMURLUK (SAC) | K36: 1 | L36: 0.5
A37: FALSE | B37: SOL ÖN ÇAMURLUK (SAC) | C37: 1 | D37: FALSE | E37: SOL ÖN ÇAMURLUK (SAC) | F37: 0.5 | G37: 0.75 | H37: 1 | I37: SOL ÖN ÇAMURLUK (SAC) | K37: 1 | L37: 0.5
A38: FALSE | B38: SAĞ ÖN PODYA SACI | C38: 2 | D38: FALSE | E38: SAĞ ÖN PODYA SACI | F38: 0.5 | G38: 0.75 | H38: 1 | I38: SAĞ ÖN PODYA SACI | K38: 0.5 | L38: 0.25
A39: FALSE | B39: SOL ÖN PODYA SACI | C39: 2 | D39: FALSE | E39: SOL ÖN PODYA SACI | F39: 0.5 | G39: 0.75 | H39: 1 | I39: SOL ÖN PODYA SACI | K39: 0.5 | L39: 0.25
A40: FALSE | B40: SAĞ ŞASE ÖN | C40: 3 | D40: FALSE | E40: SAĞ ŞASE ÖN | F40: 1 | G40: 1.5 | H40: 2 | I40: SAĞ ŞASE ÖN | K40: 0.5 | L40: 0.25
A41: FALSE | B41: SOL ŞASE ÖN | C41: 3 | D41: FALSE | E41: SOL ŞASE ÖN | F41: 1 | G41: 1.5 | H41: 2 | I41: SOL ŞASE ÖN | K41: 0.5 | L41: 0.25
A42: FALSE | B42: GÖĞÜS SACI | C42: 4 | D42: FALSE | E42: GÖĞÜS SACI | F42: 1 | G42: 1.5 | H42: 2 | I42: GÖĞÜS SACI | K42: 0.5 | L42: 0.25
A43: FALSE | B43: MOTOR KAPUTU | C43: 1 | D43: FALSE | E43: MOTOR KAPUTU | F43: 0.5 | G43: 0.75 | H43: 1 | I43: MOTOR KAPUTU | K43: 1 | L43: 0.5
A44: FALSE | B44: SAĞ ÖN KAPI (KAPI SACI) | C44: 1 | D44: FALSE | E44: SAĞ ÖN KAPI (KAPI SACI) | F44: 0.5 | G44: 0.75 | H44: 1 | I44: SAĞ ÖN KAPI (KAPI SACI) | K44: 1 | L44: 0.5
A45: FALSE | B45: SOL ÖN KAPI (KAPI SACI) | C45: 1 | D45: FALSE | E45: SOL ÖN KAPI (KAPI SACI) | F45: 0.5 | G45: 0.75 | H45: 1 | I45: SOL ÖN KAPI (KAPI SACI) | K45: 1 | L45: 0.5
... A61: FALSE | B61: MOTOR TRAVERSİ /DİNGİL | C61: 1 | D61: FALSE | E61: MOTOR TRAVERSİ /DİNGİL | F61: 1 | G61: 1.5 | H61: 2 | I61: MOTOR TRAVERSİ /DİNGİL | K61: 0 | L61: 0
A62: FALSE | B62: YOLCU HAVA YASTIĞI | C62: 2 | D62: FALSE | E62: YOLCU HAVA YASTIĞI | I62: YOLCU HAVA YASTIĞI | K62: 0 | L62: 0
A63: FALSE | B63: SÜRÜCÜ HAVA YASTIĞI | C63: 2 | D63: FALSE | E63: SÜRÜCÜ HAVA YASTIĞI | I63: SÜRÜCÜ HAVA YASTIĞI | K63: 0 | L63: 0
A64: FALSE | B64: SAĞ YAN HAVA YASTIĞI | C64: 2 | D64: FALSE | E64: SAĞ YAN HAVA YASTIĞI | I64: SAĞ YAN HAVA YASTIĞI | K64: 0 | L64: 0
A65: FALSE | B65: SOL YAN HAVA YASTIĞI | C65: 2 | D65: FALSE | E65: SOL YAN HAVA YASTIĞI | I65: SOL YAN HAVA YASTIĞI | K65: 0 | L65: 0
A66: FALSE | B66: 0 | C66: 0 | D66: FALSE | E66: 0 | F66: 0 | G66: 0 | H66: 0 | I66: 0 | K66: 0 | L66: 0
A67: FALSE | B67: 0 | C67: 0 | D67: FALSE | E67: 0 | F67: 0 | G67: 0 | H67: 0 | I67: 0 | K67: 0 | L67: 0
A68: FALSE | B68: MİNİBÜS OTOBÜS (B) | D68: FALSE | E68: MİNİBÜS OTOBÜS (B) | I68: MİNİBÜS OTOBÜS (B)
A69: FALSE | B69: DEĞİŞEN PARÇALAR | C69: KATSAYI | D69: FALSE | E69: ONARILAN PARÇALAR | F69: HAFİF | G69: ORTA | H69: AĞIR | I69: BOYANACAK PARÇALAR | K69: TAM | L69: LOKAL
A70: FALSE | B70: MOTOR KAPUTU | C70: 1.5 | D70: FALSE | E70: MOTOR KAPUTU | F70: 0.5 | G70: 0.75 | H70: 1 | I70: MOTOR KAPUTU | K70: 1 | L70: 0.5
A71: FALSE | B71: ÖN PANEL (SAC) | C71: 0.5 | D71: FALSE | E71: ÖN PANEL (SAC) | F71: 0.55 | G71: 0.65 | H71: 0.75 | I71: ÖN PANEL (SAC) | K71: 0.5 | L71: 0.25
A72: FALSE | B72: YAN KAPAK 1 | C72: 0.1 | D72: FALSE | E72: YAN KAPAK 1 | F72: 0.1 | G72: 0.1 | H72: 0.1 | I72: YAN KAPAK 1 | K72: 0.1 | L72: 0.1
A73: FALSE | B73: YAN KAPAK 2 | C73: 0.1 | D73: FALSE | E73: YAN KAPAK 2 | F73: 0.1 | G73: 0.1 | H73: 0.1 | I73: YAN KAPAK 2 | K73: 0.1 | L73: 0.1
A74: FALSE | B74: YAN KAPAK 3 | C74: 0.1 | D74: FALSE | E74: YAN KAPAK 3 | F74: 0.1 | G74: 0.1 | H74: 0.1 | I74: YAN KAPAK 3 | K74: 0.1 | L74: 0.1
A75: FALSE | B75: YAN KAPAK 4 | C75: 0.1 | D75: FALSE | E75: YAN KAPAK 4 | F75: 0.1 | G75: 0.1 | H75: 0.1 | I75: YAN KAPAK 4 | K75: 0.1 | L75: 0.1
A76: FALSE | B76: YAN KAPAK 5 | C76: 0.1 | D76: FALSE | E76: YAN KAPAK 5 | F76: 0.1 | G76: 0.1 | H76: 0.1 | I76: YAN KAPAK 5 | K76: 0.1 | L76: 0.1
A77: FALSE | B77: YAN KAPAK 6 | C77: 0.1 | D77: FALSE | E77: YAN KAPAK 6 | F77: 0.1 | G77: 0.1 | H77: 0.1 | I77: YAN KAPAK 6 | K77: 0.1 | L77: 0.1
A78: FALSE | B78: YAN KAPAK 7 | C78: 0.1 | D78: FALSE | E78: YAN KAPAK 7 | F78: 0.1 | G78: 0.1 | H78: 0.1 | I78: YAN KAPAK 7 | K78: 0.1 | L78: 0.1
A79: FALSE | B79: YAN KAPAK 8 | C79: 0.1 | D79: FALSE | E79: YAN KAPAK 8 | F79: 0.1 | G79: 0.1 | H79: 0.1 | I79: YAN KAPAK 8 | K79: 0.1 | L79: 0.1
B80: ANA ŞASE | C80: 6 | E80: ANA ŞASE | F80: 1 | G80: 2 | H80: 3 | I80: ANA ŞASE | K80: 0 | L80: 0
B81: GÖĞÜS SACI | C81: 1 | E81: GÖĞÜS SACI | F81: 0.5 | G81: 0.75 | H81: 1 | I81: GÖĞÜS SACI | K81: 1 | L81: 0.5
B82: SAĞ YAN PANEL SACI | C82: 1 | E82: SAĞ YAN PANEL SACI | F82: 0.5 | G82: 0.75 | H82: 1 | I82: SAĞ YAN PANEL SACI | K82: 3 | L82: 1.5
B83: SOL YAN PANEL SACI | C83: 1 | E83: SOL YAN PANEL SACI | F83: 0.5 | G83: 0.75 | H83: 1 | I83: SOL YAN PANEL SACI | K83: 3 | L83: 1.5
B84: SAĞ ÖN KAPI | C84: 0.5 | E84: SAĞ ÖN KAPI | F84: 0.25 | G84: 0.5 | H84: 0.75 | I84: SAĞ ÖN KAPI | K84: 1 | L84: 0.5
B85: SAĞ ARKA KAPI | C85: 0.5 | E85: SAĞ ARKA KAPI | F85: 0.25 | G85: 0.5 | H85: 0.75 | I85: SAĞ ARKA KAPI | K85: 1 | L85: 0.5
B86: SOL ÖN KAPI | C86: 0.5 | E86: SOL ÖN KAPI | F86: 0.25 | G86: 0.5 | H86: 0.75 | I86: SOL ÖN KAPI | K86: 1 | L86: 0.5
B87: SOL ARKA KAPI | C87: 0.5 | E87: SOL ARKA KAPI | F87: 0.25 | G87: 0.5 | H87: 0.75 | I87: SOL ARKA KAPI | K87: 1 | L87: 0.5
B88: SAĞ PODYA SACI | C88: 0.25 | E88: SAĞ PODYA SACI | F88: 0.25 | G88: 0.5 | H88: 0.75 | I88: SAĞ PODYA SACI | K88: 0.5 | L88: 0.5
B89: SOL PODYA SACI | C89: 0.25 | E89: SOL PODYA SACI | F89: 0.25 | G89: 0.5 | H89: 0.75 | I89: SOL PODYA SACI | K89: 0.5 | L89: 0.5
B90: BAGAJ KAPAĞI SAĞ | C90: 0.5 | E90: BAGAJ KAPAĞI SAĞ | F90: 0.25 | G90: 0.5 | H90: 0.75 | I90: BAGAJ KAPAĞI SAĞ | K90: 1 | L90: 0.5
B91: BAGAJ KAPAĞI SOL | C91: 0.5 | E91: BAGAJ KAPAĞI SOL | F91: 0.25 | G91: 0.5 | H91: 0.75 | I91: BAGAJ KAPAĞI SOL | K91: 1 | L91: 0.5
... B113: YAN İSKELET | C113: 2 | E113: YAN İSKELET | F113: 1 | G113: 1.5 | H113: 2 | I113: YAN İSKELET | K113: 0 | L113: 0
B114: SÜRÜCÜ AIRBAG | C114: 1 | E114: SÜRÜCÜ AIRBAG | I114: SÜRÜCÜ AIRBAG
B115: YOLCU AIRBAG | C115: 1 | E115: YOLCU AIRBAG | I115: YOLCU AIRBAG
B116: 0 | C116: 0 | E116: 0 | F116: 0 | G116: 0 | H116: 0 | I116: 0 | K116: 0 | L116: 0
B117: KAMYON-KAMYONET C | E117: KAMYON-KAMYONET C | I117: KAMYON-KAMYONET C
A118: SEÇ | B118: DEĞİŞEN PARÇALAR | C118: KATSAYI | D118: SEÇ | E118: ONARILAN PARÇALAR | F118: HAFİF | G118: ORTA | H118: AĞIR | I118: BOYANACAK PARÇALAR | K118: TAM | L118: LOKAL
B119: ANA ŞASE | C119: 2.5 | E119: ANA ŞASE | F119: 0.5 | G119: 1 | H119: 1.5 | I119: ANA ŞASE | K119: 0 | L119: 0
B120: MOTOR KAPUTU (SAC) | C120: 0.25 | E120: MOTOR KAPUTU (SAC) | F120: 0.25 | G120: 0.5 | H120: 0.75 | I120: MOTOR KAPUTU (SAC) | K120: 0.5 | L120: 0.25
B121: GÖĞÜS SACI | C121: 1 | E121: GÖĞÜS SACI | F121: 0.5 | G121: 0.75 | H121: 1 | I121: GÖĞÜS SACI | K121: 0.5 | L121: 0.25 | M121: 1.5
B122: SOL ÖN ÇAMURLUK (SAC) | C122: 0.2 | E122: SOL ÖN ÇAMURLUK (SAC) | F122: 0.25 | G122: 0.5 | H122: 0.75 | I122: SOL ÖN ÇAMURLUK (SAC) | K122: 0.25 | L122: 0.15
B123: SAĞ ÖN ÇAMURLUK (SAC) | C123: 0.2 | E123: SAĞ ÖN ÇAMURLUK (SAC) | F123: 0.25 | G123: 0.5 | H123: 0.75 | I123: SAĞ ÖN ÇAMURLUK (SAC) | K123: 0.25 | L123: 0.15
B124: SOL ÖN DİREK SACI | C124: 0.5 | E124: SOL ÖN DİREK SACI | F124: 0.25 | G124: 0.5 | H124: 0.75 | I124: SOL ÖN DİREK SACI | K124: 0.4 | L124: 0.2 | M124: 0.6
B125: SAĞ ÖN DİREK SACI | C125: 0.5 | E125: SAĞ ÖN DİREK SACI | F125: 0.25 | G125: 0.5 | H125: 0.75 | I125: SAĞ ÖN DİREK SACI | K125: 0.4 | L125: 0.2 | M125: 0.6
B126: TAVAN SACI | C126: 2 | E126: TAVAN SACI | F126: 0.5 | G126: 0.75 | H126: 1 | I126: TAVAN SACI | K126: 1 | L126: 0.5
B127: SAĞ YAN PANEL | C127: 1 | E127: SAĞ YAN PANEL | F127: 0.25 | G127: 0.5 | H127: 0.75 | I127: SAĞ YAN PANEL | K127: 0.75 | L127: 0.4
B128: SOL YAN PANEL | C128: 1 | E128: SOL YAN PANEL | F128: 0.25 | G128: 0.5 | H128: 0.75 | I128: SOL YAN PANEL | K128: 0.75 | L128: 0.4
B129: SAĞ ÖN KAPI | C129: 0.5 | E129: SAĞ ÖN KAPI | F129: 0.5 | G129: 0.75 | H129: 1 | I129: SAĞ ÖN KAPI | K129: 0.5 | L129: 0.25
B130: SOL ÖN KAPI | C130: 0.5 | E130: SOL ÖN KAPI | F130: 0.5 | G130: 0.75 | H130: 1 | I130: SOL ÖN KAPI | K130: 0.5 | L130: 0.25
B131: SIRT SACI | C131: 2 | E131: SIRT SACI | F131: 0.5 | G131: 0.75 | H131: 1 | I131: SIRT SACI | K131: 1 | L131: 0.5
B132: KABİN (TRİMSİZ) | C132: 1 | E132: KABİN (TRİMSİZ) | F132: 0 | G132: 0 | H132: 0 | I132: KABİN (TRİMSİZ) | K132: 4 | L132: 0 | M132: formülle koyulacak 5 sınırı---trimli,trimsiz kabin ayrımı yapılacak
B133: TÜNEL / TABAN SACI | C133: 2 | E133: TÜNEL / TABAN SACI | F133: 0.5 | G133: 0.75 | H133: 1 | I133: TÜNEL / TABAN SACI | K133: 0.4 | L133: 0.2
B134: SAĞ ARKA KAPI | C134: 0.5 | E134: SAĞ ARKA KAPI | F134: 0.25 | G134: 0.5 | H134: 0.75 | I134: SAĞ ARKA KAPI | K134: 1 | L134: 0.5
B135: SOL ARKA KAPI | C135: 0.5 | E135: SOL ARKA KAPI | F135: 0.25 | G135: 0.5 | H135: 0.75 | I135: SOL ARKA KAPI | K135: 1 | L135: 0.5
B136: SAĞ PODYA SACI | C136: 0.25 | E136: SAĞ PODYA SACI | F136: 0.25 | G136: 0.5 | H136: 0.75 | I136: SAĞ PODYA SACI | K136: 0.5 | L136: 0.5
B137: SOL PODYA SACI | C137: 0.25 | E137: SOL PODYA SACI | F137: 0.25 | G137: 0.5 | H137: 0.75 | I137: SOL PODYA SACI | K137: 0.5 | L137: 0.5
...
